<?xml version="1.0" encoding="UTF-8"?>
<actions>
	<!-- Quests -->
	<action itemid="1740" script="quests/quests.lua" />
	<action fromid="1747" toid="1749" script="quests/quests.lua" />
	<action uniqueid="30015" script="quests/annihilator.lua" />

	<!-- Tools -->
	<action itemid="2420" script="tools/machete.lua" />
	<action itemid="2550" script="tools/scythe.lua" />
	<action itemid="2580" script="tools/fishing.lua" allowfaruse="1" />
	<action itemid="2554" script="tools/shovel.lua" />
	<action itemid="2120" script="tools/rope.lua" />
	<action itemid="2553" script="tools/pick.lua" />

	<!-- Increase/Decrease ItemId -->
	<action itemid="1873" function="increaseItemId" />
	<action itemid="1874" function="decreaseItemId" />
	<action itemid="1875" function="increaseItemId" />
	<action itemid="1876" function="decreaseItemId" />
	<action itemid="2162" function="increaseItemId" />
	<action itemid="2163" function="decreaseItemId" />
	<action itemid="3947" function="increaseItemId" />
	<action itemid="3948" function="decreaseItemId" />
	<action itemid="1479" function="increaseItemId" />
	<action itemid="1480" function="decreaseItemId" />
	<action itemid="1945" function="increaseItemId" />
	<action itemid="1946" function="decreaseItemId" />
	<action itemid="2037" function="increaseItemId" />
	<action itemid="2038" function="decreaseItemId" />
	<action itemid="2039" function="increaseItemId" />
	<action itemid="2040" function="decreaseItemId" />
	<action itemid="2058" function="increaseItemId" />
	<action itemid="2059" function="decreaseItemId" />
	<action itemid="2060" function="increaseItemId" />
	<action itemid="2061" function="decreaseItemId" />
	<action itemid="2066" function="increaseItemId" />
	<action itemid="2067" function="decreaseItemId" />
	<action itemid="2068" function="increaseItemId" />
	<action itemid="2069" function="decreaseItemId" />
	<action itemid="2064" function="increaseItemId" />
	<action itemid="2065" function="decreaseItemId" />
	<action itemid="2578" function="increaseItemId" />
	<action itemid="2096" function="increaseItemId" />
	<action itemid="2097" function="decreaseItemId" />
	<action itemid="1786" function="increaseItemId" />
	<action itemid="1787" function="decreaseItemId" />
	<action itemid="1788" function="increaseItemId" />
	<action itemid="1789" function="decreaseItemId" />
	<action itemid="1790" function="increaseItemId" />
	<action itemid="1791" function="decreaseItemId" />
	<action itemid="1792" function="increaseItemId" />
	<action itemid="1793" function="decreaseItemId" />
	<action itemid="1634" function="increaseItemId" />
	<action itemid="1635" function="decreaseItemId" />
	<action itemid="1636" function="increaseItemId" />
	<action itemid="1637" function="decreaseItemId" />
	<action itemid="1638" function="increaseItemId" />
	<action itemid="1639" function="decreaseItemId" />
	<action itemid="1640" function="increaseItemId" />
	<action itemid="1641" function="decreaseItemId" />

	<!-- Food -->
	<action itemid="2362" script="other/food.lua" />
	<action fromid="2666" toid="2691" script="other/food.lua" />
	<action fromid="2695" toid="2696" script="other/food.lua" />
	<action fromid="2787" toid="2796" script="other/food.lua" />

	<!-- Spellbooks -->
	<action itemid="2175" script="other/spellbook.lua" />

	<!-- Other -->
	<action itemid="2114" script="other/piggybank.lua" />
	<action itemid="2036" script="other/watch.lua" />
	<action fromid="1728" toid="1731" script="other/watch.lua" />
	<action itemid="2785" script="other/blueberrybush.lua" />
	<action itemid="2579" script="other/trap.lua" />
	<action itemid="2148" script="other/changegold.lua" />
	<action itemid="2152" script="other/changegold.lua" />
	<action itemid="2160" script="other/changegold.lua" />
	<action fromid="3901" toid="3938" script="other/constructionkits.lua" />
	<action fromid="5086" toid="5088" script="other/constructionkits.lua" />
	<action fromid="2070" toid="2078" script="other/music.lua" />
	<action fromid="2080" toid="2085" script="other/music.lua" />
	<action itemid="2332" script="other/music.lua" />
	<action itemid="2364" script="other/music.lua" />
	<action fromid="2367" toid="2368" script="other/music.lua" />
	<action fromid="2370" toid="2373" script="other/music.lua" />
	<action fromid="2041" toid="2042" script="other/decayto.lua" />
	<action fromid="2044" toid="2045" script="other/decayto.lua" />
	<action fromid="2047" toid="2048" script="other/decayto.lua" />
	<action fromid="2050" toid="2055" script="other/decayto.lua" />
	<action itemid="430" script="other/teleport.lua" />
	<action itemid="1369" script="other/teleport.lua" />
	<action itemid="1386" script="other/teleport.lua" />
	<action itemid="3678" script="other/teleport.lua" />
	<action fromid="2376" toid="2404" script="other/destroy.lua" />
	<action fromid="2406" toid="2419" script="other/destroy.lua" />
	<action fromid="2421" toid="2453" script="other/destroy.lua" />
	<action fromid="2005" toid="2009" script="other/fluids.lua" />
	<action fromid="2011" toid="2015" script="other/fluids.lua" />
	<action itemid="2023" script="other/fluids.lua" />
	<action itemid="1775" script="other/fluids.lua" />
	<action fromid="2031" toid="2034" script="other/fluids.lua" />
	<action fromid="2574" toid="2577" script="other/fluids.lua" />
	<action itemid="2692" script="other/createbread.lua" />
	<action itemid="2694" script="other/createbread.lua" />
	<action fromid="1209" toid="1214" script="other/doors.lua" />
	<action fromid="1219" toid="1262" script="other/doors.lua" />
	<action fromid="1539" toid="1542" script="other/doors.lua" />
	<action fromid="2086" toid="2092" script="other/doors.lua" />
	<action fromid="3535" toid="3552" script="other/doors.lua" />
	<action fromid="4913" toid="4918" script="other/doors.lua" />
	<action fromid="5082" toid="5085" script="other/doors.lua" />
	<action itemid="3743" script="other/transforms.lua" />
	<action itemid="4404" script="other/transforms.lua" />
	<action fromaid="18488" toaid="18492" script="other/skilltrainer.lua" />
</actions>
