<?xml version="1.0" encoding="UTF-8"?>
<weapons>
	<!-- Rods -->
	<wand id="2182" level="7" mana="2" min="8" max="18" type="earth"> <!-- Snakebit Rod -->
		<vocation name="Druid" />
	</wand>
	<wand id="2186" level="13" mana="3" min="13" max="25" type="energy"> <!-- Moonlight Rod -->
		<vocation name="Druid" />
	</wand>
	<wand id="2185" level="19" mana="5" min="27" max="33" type="fire"> <!-- Volcanic Rod -->
		<vocation name="Druid" />
	</wand>
	<wand id="2181" level="26" mana="8" min="42" max="48" type="earth"> <!-- Quagmire Rod -->
		<vocation name="Druid" />
	</wand>
	<wand id="2183" level="33" mana="13" min="55" max="75" type="energy"> <!-- Tempest Rod -->
		<vocation name="Druid" />
	</wand>

	<!-- Wands -->
	<wand id="2190" level="7" mana="2" min="8" max="18" type="energy"> <!-- Wand of Vortex -->
		<vocation name="Sorcerer" />
	</wand>
	<wand id="2191" level="13" mana="3" min="13" max="25" type="fire"> <!-- Wand of Dragonbreath -->
		<vocation name="Sorcerer" />
	</wand>
	<wand id="2188" level="19" mana="5" min="27" max="33" type="earth"> <!-- Wand of Plague -->
		<vocation name="Sorcerer" />
	</wand>
	<wand id="2189" level="26" mana="8" min="42" max="48" type="energy"> <!-- Wand of Cosmic Energy -->
		<vocation name="Sorcerer" />
	</wand>
	<wand id="2187" level="33" mana="13" min="55" max="75" type="fire"> <!-- Wand of Inferno -->
		<vocation name="Sorcerer" />
	</wand>

	<!-- Swords -->
	<melee id="2396" action="removecharge" />
	<melee id="2413" unproperly="1">
		<vocation name="Knight" />
		<vocation name="Elite Knight" showInDescription="0" />
	</melee>
	<melee id="2377" level="20" unproperly="1">
		<vocation name="Knight" />
		<vocation name="Elite Knight" showInDescription="0" />
	</melee>
	<melee id="2392" level="30" unproperly="1" />
	<melee id="2407" level="30" unproperly="1" />
	<melee id="2438" level="30" unproperly="1" />
	<melee id="2451" level="35" unproperly="1" />
	<melee id="2446" level="45" unproperly="1" />
	<melee id="2393" level="55" unproperly="1">
		<vocation name="Knight" />
		<vocation name="Elite Knight" showInDescription="0" />
	</melee>
	<melee id="2400" level="80" unproperly="1" />
	<melee id="2408" level="120" unproperly="1">
		<vocation name="Knight" />
		<vocation name="Elite Knight" showInDescription="0" />
	</melee>
	<melee id="2390" level="140" unproperly="1">
		<vocation name="Knight" />
		<vocation name="Elite Knight" showInDescription="0" />
	</melee>

	<!-- Axes -->
	<melee id="2378" unproperly="1">
		<vocation name="Knight" />
		<vocation name="Elite Knight" showInDescription="0" />
	</melee>
	<melee id="2429" level="20" unproperly="1" />
	<melee id="2435" level="20" unproperly="1" />
	<melee id="2425" level="20" unproperly="1" />
	<melee id="2430" level="25" unproperly="1" />
	<melee id="2387" level="25" unproperly="1">
		<vocation name="Knight" />
		<vocation name="Elite Knight" showInDescription="0" />
	</melee>
	<melee id="2381" level="25" unproperly="1" />
	<melee id="2440" level="25" unproperly="1">
		<vocation name="Knight" />
		<vocation name="Elite Knight" showInDescription="0" />
	</melee>
	<melee id="2426" level="25" unproperly="1" />
	<melee id="2432" level="35" unproperly="1" />
	<melee id="2447" level="50" unproperly="1">
		<vocation name="Knight" />
		<vocation name="Elite Knight" showInDescription="0" />
	</melee>
	<melee id="2427" level="55" unproperly="1" />
	<melee id="2414" level="60" unproperly="1" />
	<melee id="2454" level="65" unproperly="1">
		<vocation name="Knight" />
		<vocation name="Elite Knight" showInDescription="0" />
	</melee>
	<melee id="2443" level="70" unproperly="1">
		<vocation name="Knight" />
		<vocation name="Elite Knight" showInDescription="0" />
	</melee>
	<melee id="2431" level="90" unproperly="1" />
	<melee id="2415" level="95" unproperly="1">
		<vocation name="Knight" />
		<vocation name="Elite Knight" showInDescription="0" />
	</melee>

	<!--Clubs -->
	<melee id="2423" level="20" unproperly="1" />
	<melee id="2434" level="25" unproperly="1" />
	<melee id="2436" level="30" unproperly="1" />
	<melee id="3961" level="40" unproperly="1" />
	<melee id="2445" level="35" unproperly="1" />
	<melee id="2424" level="45" unproperly="1" />
	<melee id="2391" level="50" unproperly="1">
		<vocation name="Knight" />
		<vocation name="Elite Knight" showInDescription="0" />
	</melee>
	<melee id="2444" level="65" unproperly="1">
		<vocation name="Knight" />
		<vocation name="Elite Knight" showInDescription="0" />
	</melee>
	<melee id="2452" level="70" unproperly="1">
		<vocation name="Knight" />
		<vocation name="Elite Knight" showInDescription="0" />
	</melee>
	<melee id="2453" level="75" unproperly="1" />
	<melee id="2421" level="85" unproperly="1" />

	<!-- Ammunition -->
	<distance id="1294" breakchance="3" /> <!-- small stone -->
	<distance id="2111" action="removecount" /> <!-- snowball -->
	<distance id="2389" breakchance="3" /> <!-- spear -->
	<distance id="2399" breakchance="10" /> <!-- throwing star -->
	<distance id="2410" breakchance="7" /> <!-- throwing knife -->
	<distance id="2543" action="removecount" /> <!-- bolt -->
	<distance id="2544" action="removecount" /> <!-- arrow -->
	<distance id="2545" action="removecount" script="poison_arrow.lua" />
	<distance id="2546" action="removecount" script="burst_arrow.lua" />
	<distance id="2547" action="removecount" unproperly="1" level="55" /> <!-- Power Bolt -->
</weapons>
