<?xml version="1.0" encoding="UTF-8"?>
<monster name="amazon" nameDescription="an amazon" race="blood" experience="60" speed="172" manacost="390">
	<health now="110" max="110"/>
	<look type="170" head="113" body="120" legs="95" feet="115" corpse="3065"/>
	<targetchange interval="1000" chance="50"/>
	<flags>
		<flag attackable="1"/>
		<flag hostile="1"/>
		<flag summonable="1"/>
		<flag convinceable="1"/>
		<flag illusionable="1"/>
		<flag pushable="0"/>
		<flag canpushitems="1"/>
		<flag canpushcreatures="0"/>
		<flag targetdistance="4"/>
		<flag staticattack="100"/>
		<flag runonhealth="10"/>
	</flags>
	<attacks>
		<attack name="melee" interval="2000" skill="24" attack="16"/>
		<attack name="physical" checkshield="1" interval="1000" chance="10" range="7" min="-20" max="-30">
			<attribute key="shootEffect" value="throwingknife"/>
		</attack>
	</attacks>
	<defenses armor="11" defense="11">
	</defenses>
	<elements>
	</elements>
	<immunities>
	</immunities>
	<voices interval="2000" chance="10">
		<voice sentence="Yeee ha!"/>
		<voice sentence="Your head will be mine!"/>
	</voices>
	<loot>
		<item id="2691" chance="60000"/><!-- 60% brown bread -->
		<item id="2148" chance="80000" countmax="10"/><!-- 10 80% gold coin -->
		<item id="2147" chance="300"/><!-- 0.1% small ruby -->
		<item id="2229" chance="80000" countmax="2"/><!-- 2 80% skull -->
		<item id="2467" chance="50000"/><!-- 50% leather armor -->
		<item id="2125" chance="300"/><!-- 0.2% crystal necklace -->
		<item id="1987" chance="100000"><!-- bag -->
			<item id="2385" chance="46000"/><!-- 46% sabre -->
			<item id="2379" chance="80000"/><!-- 80% dagger -->
			<item id="2526" chance="10000"/><!-- 10% studded shield -->
			<item id="2050" chance="10000"/><!-- 10% torch -->
		</item>
	</loot>
</monster>