<?xml version="1.0" encoding="UTF-8"?>
<monster name="bear" nameDescription="a bear" race="blood" experience="23" speed="156" manacost="300">
	<health now="80" max="80"/>
	<look type="16" corpse="3109"/>
	<targetchange interval="1000" chance="0"/>
	<flags>
		<flag attackable="1"/>
		<flag hostile="1"/>
		<flag summonable="1"/>
		<flag convinceable="1"/>
		<flag illusionable="1"/>
		<flag pushable="0"/>
		<flag canpushitems="0"/>
		<flag canpushcreatures="0"/>
		<flag targetdistance="1"/>
		<flag staticattack="90"/>
		<flag runonhealth="15"/>
	</flags>
	<attacks>
		<attack name="melee" interval="2000" skill="15" attack="17"/>
	</attacks>
	<defenses armor="6" defense="6">
	</defenses>
	<elements>
	</elements>
	<immunities>
	</immunities>
	<voices interval="2000" chance="5">
		<voice sentence="Grrrr"/>
		<voice sentence="Groar"/>
	</voices>
	<loot>
		<item id="2671" chance="80000" countmax="2"/><!-- 2 80% ham -->
		<item id="2666" chance="70000" countmax="4"/><!-- 4 70% meat -->
		<item id="3976" chance="10000"/><!-- 10% worm -->
	</loot>
</monster>