<?xml version="1.0" encoding="UTF-8"?>
<monster name="crypt shambler" nameDescription="a crypt shambler" race="undead" experience="195" speed="140" manacost="580">
	<health now="330" max="330"/>
	<look type="100" corpse="3028"/>
	<targetchange interval="1000" chance="4"/>
	<flags>
		<flag attackable="1"/>
		<flag hostile="1"/>
		<flag summonable="0"/>
		<flag convinceable="1"/>
		<flag illusionable="1"/>
		<flag pushable="0"/>
		<flag canpushitems="1"/>
		<flag canpushcreatures="1"/>
		<flag targetdistance="1"/>
		<flag staticattack="90"/>
		<flag runonhealth="0"/>
	</flags>
	<attacks>
		<attack name="melee" interval="2000" skill="60" attack="39"/>
		<attack name="lifedrain" interval="2000" chance="13" range="1" min="-25" max="-55"/>
	</attacks>
	<defenses armor="30" defense="25">
	</defenses>
	<elements>
	</elements>
	<immunities>
		<immunity poison="1"/>
		<immunity lifedrain="1"/>
		<immunity paralyze="1"/>
	</immunities>
	<voices interval="2000" chance="5">
		<voice sentence="Uhhhhhhh!"/>
		<voice sentence="Aaaaahhhh!"/>
		<voice sentence="Hoooohhh!"/>
		<voice sentence="Chhhhhhh!"/>
	</voices>
	<loot>
		<item id="2148" chance="80000" countmax="25"/><!-- 25 80% gold coin -->
		<item id="2148" chance="60000" countmax="30"/><!-- 30 60% gold coin -->
		<item id="3976" chance="90000" countmax="10"/><!-- 10 90% worm -->
		<item id="2145" chance="1000"/><!-- 1% small diamond -->
		<item id="2399" chance="2000" countmax="3"/><!-- 3 2% throwing star -->
		<item id="2227" chance="40000"/> <!-- 40% rotten meat -->
		<item id="2230" chance="50000"/><!-- 50% bone -->
		<item id="2459" chance="4000"/><!-- 4% iron helmet -->
		<item id="1987" chance="100000"><!-- bag -->
			<item id="2377" chance="4000"/><!-- 4% two handed sword -->
			<item id="2450" chance="2000"/><!-- 2% bone sword -->
			<item id="2541" chance="2000"/><!-- 2% bone shield -->
		</item>
	</loot>
</monster>