<?xml version="1.0" encoding="UTF-8"?>
<monster name="cyclops" nameDescription="a cyclops" race="blood" experience="150" speed="190" manacost="490">
	<health now="260" max="260"/>
	<look type="22" corpse="3069"/>
	<targetchange interval="1000" chance="5"/>
	<flags>
		<flag attackable="1"/>
		<flag hostile="1"/>
		<flag summonable="1"/>
		<flag convinceable="1"/>
		<flag illusionable="1"/>
		<flag pushable="0"/>
		<flag canpushitems="1"/>
		<flag canpushcreatures="1"/>
		<flag targetdistance="1"/>
		<flag staticattack="90"/>
		<flag runonhealth="0"/>
	</flags>
	<attacks>
		<attack name="melee" interval="2000" skill="50" attack="30"/>
	</attacks>
	<defenses armor="17" defense="24">
	</defenses>
	<elements>
	</elements>
	<immunities>
	</immunities>
	<voices interval="2000" chance="5">
		<voice sentence="Il lorstok human!"/>
		<voice sentence="Toks utat."/>
		<voice sentence="Human, uh whil dyh!"/>
		<voice sentence="Youh ah trak!"/>
		<voice sentence="Let da mashing begin!"/>
	</voices>
	<loot>
		<item id="2671" chance="40000" countmax="2"/><!-- 2 40% ham -->
		<item id="2666" chance="50000"/><!-- 50% meat -->
		<item id="2148" chance="70000" countmax="10"/><!-- 10 70% gold coin -->
		<item id="2148" chance="80000" countmax="20"/><!-- 20 80% gold coin -->
		<item id="2129" chance="300"/><!-- 0.2% wolf tooth chain -->
		<item id="2490" chance="300"/><!-- 0.2% dark helmet -->
		<item id="1987" chance="100000"><!-- bag -->
			<item id="2209" chance="300"/><!-- 0.1% club ring -->
			<item id="2406" chance="16000"/><!-- 16% short sword -->
			<item id="2381" chance="1400"/><!-- 1.4% halberd -->
			<item id="2510" chance="4000"/><!-- 4% plate shield -->
			<item id="2513" chance="3000"/><!-- 3% battle shield -->
		</item>
	</loot>
</monster>