<?xml version="1.0" encoding="UTF-8"?>
<monster name="dragon" nameDescription="a dragon" race="blood" experience="700" speed="170" manacost="0">
	<health now="1000" max="1000"/>
	<look type="34" corpse="3104"/>
	<targetchange interval="1000" chance="5"/>
	<flags>
		<flag attackable="1"/>
		<flag hostile="1"/>
		<flag summonable="0"/>
		<flag convinceable="0"/>
		<flag illusionable="1"/>
		<flag pushable="0"/>
		<flag canpushitems="1"/>
		<flag canpushcreatures="1"/>
		<flag targetdistance="1"/>
		<flag staticattack="90"/>
		<flag runonhealth="300"/>
	</flags>
	<attacks>
		<attack name="melee" interval="2000" skill="55" attack="42"/>
		<attack name="fire" interval="2000" chance="15" range="7" radius="4" target="1" min="-55" max="-105">
			<attribute key="shootEffect" value="fire"/>
			<attribute key="areaEffect" value="firearea"/>
		</attack>
		<attack name="fire" interval="2000" chance="12" length="8" spread="3" min="-100" max="-160">
			<attribute key="areaEffect" value="firearea"/>
		</attack>
	</attacks>
	<defenses armor="25" defense="55">
		<defense name="healing" interval="2000" chance="13" min="34" max="56">
			<attribute key="areaEffect" value="blueshimmer"/>
		</defense>
	</defenses>
	<elements>
	</elements>
	<immunities>
		<immunity fire="1"/>
		<immunity poison="1"/>
		<immunity paralyze="1"/>
		<immunity invisible="1"/>
	</immunities>
	<voices interval="2000" chance="5">
		<voice sentence="GROOAAARRR" yell="1"/>
		<voice sentence="FCHHHHH" yell="1"/>
	</voices>
	<loot>
		<item id="2672" chance="45000" countmax="3"/><!-- 3 45% dragon ham -->
		<item id="2148" chance="50000" countmax="60"/><!-- 60 50% gold coin -->
		<item id="2148" chance="80000" countmax="45"/><!-- 45 80% gold coin -->
		<item id="2145" chance="800"/><!-- 0.8% small diamond -->
		<item id="2546" chance="16000" countmax="10"/><!-- 10 16% burst arrow -->
		<item id="2177" chance="300"/><!-- 0.1% life crystal -->
		<item id="2457" chance="6000"/><!-- 6% steel helmet -->
		<item id="2647" chance="4000"/><!-- 4% plate legs -->
		<item id="1987" chance="100000"><!-- bag -->
			<item id="2455" chance="20000"/><!-- 20% crossbow -->
			<item id="2397" chance="8000"/><!-- 8% longsword -->
			<item id="2413" chance="4000"/><!-- 4% broadsword -->
			<item id="2187" chance="2000"/><!-- 2% wand of inferno -->
			<item id="2387" chance="1000"/><!-- 2% double axe -->
			<item id="2434" chance="1000"/><!-- 1% dragon hammer -->
			<item id="2409" chance="1000"/><!-- 1% serpent sword -->
			<item id="2406" chance="50000"/><!-- 50% short sword -->
			<item id="2398" chance="40000"/><!-- 40% mace -->
			<item id="2509" chance="16000"/><!-- 30% steel shield -->
			<item id="2516" chance="600"/><!-- 0.6% dragon shield -->
		</item>
	</loot>
</monster>