<?xml version="1.0" encoding="UTF-8"?>
<monster name="gargoyle" nameDescription="a gargoyle" race="undead" experience="150" speed="200" manacost="0">
	<health now="250" max="250"/>
	<look type="95" corpse="3022"/>
	<targetchange interval="1000" chance="5"/>
	<flags>
		<flag attackable="1"/>
		<flag hostile="1"/>
		<flag summonable="0"/>
		<flag convinceable="0"/>
		<flag illusionable="1"/>
		<flag pushable="0"/>
		<flag canpushitems="1"/>
		<flag canpushcreatures="1"/>
		<flag targetdistance="1"/>
		<flag staticattack="90"/>
		<flag runonhealth="30"/>
	</flags>
	<attacks>
		<attack name="melee" interval="2000" skill="45" attack="24"/>
	</attacks>
	<defenses armor="26" defense="30">
	    <defense name="healing" interval="2000" chance="10" min="5" max="15">
			<attribute key="areaEffect" value="blueshimmer"/>
		</defense>
	</defenses>
	<elements>
	</elements>
	<immunities>
		<immunity fire="1"/>
		<immunity poison="1"/>
		<immunity lifedrain="1"/>
	</immunities>
	<voices interval="2000" chance="5">
		<voice sentence="Harrrr Harrrr!"/>
		<voice sentence="Stone sweet stone."/>
		<voice sentence="Feel my claws, softskin."/>
		<voice sentence="Chhhhhrrrrk!"/>
		<voice sentence="There is a stone in your shoe!"/>
	</voices>
	<loot>
		<item id="2671" chance="40000" countmax="2"/><!-- 2 40% ham -->
		<item id="2666" chance="50000"/><!-- 50% meat -->
		<item id="2148" chance="80000" countmax="20"/><!-- 20 80% gold coin -->
		<item id="2148" chance="70000" countmax="10"/><!-- 10 70% gold coin -->
		<item id="2489" chance="300"/><!-- 0.2% dark armor -->
		<item id="2457" chance="300"/><!-- 0.2% steel helmet -->
		<item id="2129" chance="300"/><!-- 0.2% wolf tooth chain -->
		<item id="1294" chance="20000" countmax="10"/><!-- 10 20% small stone -->
		<item id="1987" chance="100000"><!-- bag -->
			<item id="2209" chance="300"/><!-- 0.1% club ring -->
			<item id="2448" chance="16000"/><!-- 16% studded club -->
			<item id="2394" chance="2000"/><!-- 2% morning star -->
			<item id="2513" chance="3000"/><!-- 3% battle shield -->
		</item>
	</loot>
</monster>