<?xml version="1.0" encoding="UTF-8"?>
<monster name="green djinn" nameDescription="a green djinn" race="blood" experience="190" speed="220" manacost="0">
	<health now="330" max="330"/>
	<look type="51" corpse="2989"/>
	<targetchange interval="1000" chance="0"/>
	<flags>
		<flag attackable="1"/>
		<flag hostile="1"/>
		<flag summonable="0"/>
		<flag convinceable="0"/>
		<flag illusionable="0"/>
		<flag pushable="0"/>
		<flag canpushitems="1"/>
		<flag canpushcreatures="0"/>
		<flag targetdistance="1"/>
		<flag staticattack="90"/>
		<flag runonhealth="0"/>
	</flags>
	<attacks>
		<attack name="melee" interval="2000" skill="50" attack="30"/>
		<attack name="fire" interval="2000" chance="50" range="7" min="-45" max="-75">
			<attribute key="shootEffect" value="fire"/>
		</attack>
		<attack name="djinn electrify" interval="2000" chance="34" range="7" min="-50" max="-90"/>
		<!--<attack name="energycondition" interval="2000" chance="34" range="7" min="-50" max="-90">
			<attribute key="shootEffect" value="energy"/>
		</attack>-->
		<attack name="lifedrain" interval="2000" chance="25" range="7" min="-55" max="-105">
			<attribute key="shootEffect" value="death"/>
		</attack>
		<attack name="drunk" interval="2000" chance="20" range="7" duration="30000">
			<attribute key="shootEffect" value="energy"/>
			<attribute key="areaEffect" value="teleport"/>
		</attack>
		<attack name="outfit" interval="2000" chance="17" range="7" monster="rat" duration="30000">
			<attribute key="areaEffect" value="blueshimmer"/>
		</attack>
	</attacks>
	<defenses armor="20" defense="30">
	</defenses>
	<elements>
	</elements>
	<immunities>
		<immunity fire="1"/>
		<immunity poison="1"/>
		<immunity energy="1"/>
		<immunity lifedrain="1"/>
		<immunity paralyze="1"/>
		<immunity invisible="1"/>
	</immunities>
	<voices interval="2000" chance="5">
		<voice sentence="I grant you a deathwish!"/>
		<voice sentence="Muhahahaha!"/>
		<voice sentence="I wish you a merry trip to hell!"/>
		<voice sentence="Tell me your last wish!"/>
		<voice sentence="Good wishes are for fairytales"/>
	</voices>
	<loot>
		<item id="2696" chance="50000"/><!-- 50% cheese -->
		<item id="2148" chance="35000" countmax="50"/><!-- 50 70% gold coin -->
		<item id="2149" chance="5400" countmax="4"/><!-- 4 5.4% small emerald -->
		<item id="2359" chance="15000"/><!-- 15% small oil lamp -->
		<item id="2747" chance="20000"/><!-- 20% grave flower -->
		<item id="1965" chance="5000"/><!-- 5% green book -->
		<item id="2663" chance="300"/><!-- 0.1% mystic turban -->
	</loot>
</monster>