<?xml version="1.0" encoding="UTF-8"?>
<monster name="larva" nameDescription="a larva" race="venom" experience="44" speed="124" manacost="355">
	<health now="70" max="70"/>
	<look type="82" corpse="3010"/>
	<targetchange interval="1000" chance="0"/>
	<flags>
		<flag attackable="1"/>
		<flag hostile="1"/>
		<flag summonable="1"/>
		<flag convinceable="1"/>
		<flag illusionable="1"/>
		<flag pushable="1"/>
		<flag canpushitems="0"/>
		<flag canpushcreatures="0"/>
		<flag targetdistance="1"/>
		<flag staticattack="90"/>
		<flag runonhealth="0"/>
	</flags>
	<attacks>
		<attack name="melee" interval="2000" skill="30" attack="20" poison="15"/>
	</attacks>
	<defenses armor="5" defense="11">
	</defenses>
	<elements>
	</elements>
	<immunities>
		<immunity poison="1"/>
		<immunity paralyze="1"/>
	</immunities>
	<voices interval="2000" chance="5">
	</voices>
	<loot>
		<item id="2666" chance="60000"/><!-- 60% meat -->
		<item id="2148" chance="70000" countmax="10"/><!-- 10 70% gold coin -->
	</loot>
</monster>