<?xml version="1.0" encoding="UTF-8"?>
<monster name="lich" nameDescription="a lich" race="undead" experience="900" speed="210" manacost="0">
	<health now="880" max="880"/>
	<look type="99" corpse="3025"/>
	<targetchange interval="1000" chance="3"/>
	<flags>
		<flag attackable="1"/>
		<flag hostile="1"/>
		<flag summonable="0"/>
		<flag convinceable="0"/>
		<flag illusionable="0"/>
		<flag pushable="0"/>
		<flag canpushitems="1"/>
		<flag canpushcreatures="1"/>
		<flag targetdistance="1"/>
		<flag staticattack="90"/>
		<flag runonhealth="0"/>
	</flags>
	<attacks>
		<attack name="melee" interval="2000" skill="40" attack="40" poison="400"/>
		<attack name="lifedrain" interval="2000" chance="4" range="1" min="-50" max="-250">
			<attribute key="areaEffect" value="blueshimmer"/>
		</attack>
		<!--<attack name="speed" interval="2000" chance="15" range="7" speedchange="-600" duration="30000">
		<attack name="speed" interval="2000" chance="15" range="7" speedchange="-190" duration="30000">
			<attribute key="areaEffect" value="redshimmer"/>
		</attack>-->
		<attack name="paralyze_lich" interval="2000" chance="15" range="7" />
		<attack name="lifedrain" interval="2000" chance="17" radius="3" target="0" min="-120" max="-200">
			<attribute key="areaEffect" value="redshimmer"/>
		</attack>
		<attack name="lifedrain" interval="2000" chance="9" length="8" spread="0" min="-100" max="-200">
			<attribute key="areaEffect" value="redshimmer"/>
		</attack>
		<attack name="poisoncondition" interval="2000" chance="9" length="8" spread="0" min="-300" max="-400">
			<attribute key="areaEffect" value="greenspark"/>
		</attack>
	</attacks>
	<defenses armor="50" defense="60">
		<defense name="healing" interval="2000" chance="17" min="50" max="150">
			<attribute key="areaEffect" value="redshimmer"/>
		</defense>	
	</defenses>
	<summons maxSummons="4">
		<summon name="bonebeast" interval="2000" chance="17" max="4"/>
	</summons>
	<elements>
	</elements>
	<immunities>
		<immunity fire="1"/>
		<immunity poison="1"/>
		<immunity lifedrain="1"/>
		<immunity paralyze="1"/>
		<immunity invisible="1"/>
	</immunities>
	<voices interval="2000" chance="5">
		<voice sentence="Death awaits all!"/>
		<voice sentence="Doomed be the living!"/>
		<voice sentence="Death and Decay!"/>
		<voice sentence="You will endure agony beyond thy death!"/>
		<voice sentence="Come to me my children!"/>
		<voice sentence="Pain sweet pain!"/>
		<voice sentence="Thy living flesh offends me!"/>
	</voices>
	<loot>
		<item id="2148" chance="80000" countmax="40"/><!-- 40 80% gold coin -->
		<item id="2148" chance="60000" countmax="80"/><!-- 80 60% gold coin -->
		<item id="2143" chance="5000"/><!-- 5% white pearl -->
		<item id="2144" chance="10000"/><!-- 10% black pearl -->
		<item id="2178" chance="1000"/><!-- 1% mind stone -->
		<item id="2237" chance="40000"/><!-- 40% dirty cape -->
		<item id="2479" chance="1000"/><!-- 1% strange helmet -->
		<item id="2171" chance="300"/><!-- 0.1% platinum amulet -->
		<item id="2656" chance="300"/><!-- 0.1% blue robe -->
		<item id="1987" chance="100000"><!-- bag -->
			<item id="2401" chance="60000"/><!-- 60% staff -->
			<item id="2535" chance="300"/><!-- 0.2% castle shield -->
			<item id="2175" chance="20000"/><!-- 20% spellbook -->
			<item id="2214" chance="2000"/><!-- 2% ring of healing -->
		</item>
	</loot>
</monster>