<?xml version="1.0" encoding="UTF-8"?>
<monster name="marid" nameDescription="a marid" race="blood" experience="300" speed="234" manacost="0">
	<health now="550" max="550"/>
	<look type="104" corpse="3040"/>
	<targetchange interval="1000" chance="0"/>
	<flags>
		<flag attackable="1"/>
		<flag hostile="1"/>
		<flag summonable="0"/>
		<flag convinceable="0"/>
		<flag illusionable="0"/>
		<flag pushable="0"/>
		<flag canpushitems="1"/>
		<flag canpushcreatures="0"/>
		<flag targetdistance="1"/>
		<flag staticattack="90"/>
		<flag runonhealth="0"/>
	</flags>
	<attacks>
		<attack name="melee" interval="2000" skill="55" attack="35"/>
		<attack name="fire" interval="2000" chance="50" range="7" min="-40" max="-110">
			<attribute key="shootEffect" value="fire"/>
		</attack>
		<attack name="energy" interval="2000" chance="25" range="7" min="-65" max="-115">
			<attribute key="shootEffect" value="energy"/>
		</attack>
		<attack name="lifedrain" interval="2000" chance="20" range="7" min="-60" max="-120">
			<attribute key="shootEffect" value="death"/>
		</attack>
		<!--<attack name="speed" interval="2000" chance="13" range="7" speedchange="-600" duration="15000">
		<attack name="speed" interval="2000" chance="13" range="7" speedchange="-150" duration="15000">
			<attribute key="areaEffect" value="redshimmer"/>
		</attack>-->
		<attack name="paralyze_marid" interval="2000" chance="13" range="7" />
		<attack name="drunk" interval="2000" chance="20" range="7" duration="60000">
			<attribute key="shootEffect" value="energy"/>
			<attribute key="areaEffect" value="teleport"/>
		</attack>
		<attack name="outfit" interval="2000" chance="17" range="7" monster="rabbit" duration="20000">
			<attribute key="areaEffect" value="blueshimmer"/>
		</attack>
		<attack name="djinn electrify area" interval="2000" chance="17" min="-60" max="-100"/>
		<!--<attack name="energycondition" interval="2000" chance="17" radius="3" target="0" min="-60" max="-100">
			<attribute key="areaEffect" value="energy"/>
		</attack>-->
	</attacks>
	<defenses armor="24" defense="35">
		<defense name="healing" interval="2000" chance="15" min="50" max="80">
			<attribute key="areaEffect" value="blueshimmer"/>
		</defense>
	</defenses>
	<summons maxSummons="2">
		<summon name="blue djinn" interval="2000" chance="15" max="2"/>
	</summons>
	<elements>
	</elements>
	<immunities>
		<immunity fire="1"/>
		<immunity poison="1"/>
		<immunity energy="1"/>
		<immunity lifedrain="1"/>
		<immunity paralyze="1"/>
		<immunity invisible="1"/>
	</immunities>
	<voices interval="2000" chance="5">
		<voice sentence="Simsalabim"/>
		<voice sentence="Feel the power of my magic, tiny mortal!"/>
		<voice sentence="Be careful what you wish for."/>
		<voice sentence="Wishes can come true."/>
	</voices>
	<loot>
		<item id="2677" chance="50000" countmax="25"/><!-- 25 50% blueberry -->
		<item id="2148" chance="70000" countmax="50"/><!-- 50 70% gold coin -->
		<item id="2148" chance="50000" countmax="80"/><!-- 80 50% gold coin -->
		<item id="2146" chance="14000" countmax="2"/><!-- 2 14% small sapphire -->
		<item id="2359" chance="40000"/><!-- 40% small oil lamp -->
		<item id="1872" chance="5000"/><!-- 5% blue tapestry -->
		<item id="2158" chance="300"/><!-- 0.1% blue gem -->
		<item id="2070" chance="600"/><!-- 0.6% wooden flute -->
		<item id="2663" chance="300"/><!-- 0.2% mystic turban -->
		<item id="1987" chance="100000"><!-- bag -->
			<item id="2442" chance="40000"/><!-- 40% heavy machete -->
			<item id="2183" chance="1000"/><!-- 1% tempest rod -->
		</item>
	</loot>
</monster>