<?xml version="1.0" encoding="UTF-8"?>
<monster name="minotaur mage" nameDescription="a minotaur mage" race="blood" experience="150" speed="170" manacost="0">
	<health now="155" max="155"/>
	<look type="23" corpse="2866"/>
	<targetchange interval="1000" chance="50"/>
	<flags>
		<flag attackable="1"/>
		<flag hostile="1"/>
		<flag summonable="0"/>
		<flag convinceable="0"/>
		<flag illusionable="1"/>
		<flag pushable="0"/>
		<flag canpushitems="1"/>
		<flag canpushcreatures="0"/>
		<flag targetdistance="4"/>
		<flag staticattack="90"/>
		<flag runonhealth="0"/>
	</flags>
	<attacks>
		<attack name="melee" interval="2000" skill="18" attack="15"/>
		<attack name="energy" interval="1000" chance="17" range="7" min="-15" max="-45">
			<attribute key="shootEffect" value="energy"/>
			<attribute key="areaEffect" value="energy"/>
		</attack>
		<attack name="fire" interval="1000" chance="9" range="7" radius="1" target="1" min="-35" max="-95">
			<attribute key="shootEffect" value="fire"/>
			<attribute key="areaEffect" value="firearea"/>
		</attack>
		<attack name="energyfield" interval="1000" chance="12" range="7" radius="1" target="1">
			<attribute key="shootEffect" value="energy"/>
		</attack>
	</attacks>
	<defenses armor="18" defense="40">
	</defenses>
	<elements>
	</elements>
	<immunities>
		<immunity energy="1"/>
		<immunity invisible="1"/>
	</immunities>
	<voices interval="2000" chance="5">
		<voice sentence="Learrn tha secrret uf deathhh!"/>
		<voice sentence="Kaplar!"/>
	</voices>
	<loot>
		<item id="2684" chance="20000" countmax="7"/><!-- 7 20% carrot -->
		<item id="2148" chance="80000" countmax="10"/><!-- 10 80% gold coin -->
		<item id="2817" chance="70000"/><!-- 70% dead snake -->
		<item id="2461" chance="20000"/><!-- 20% leather helmet -->
		<item id="2465" chance="8000"/><!-- 8% brass armor -->
		<item id="2648" chance="4000"/><!-- 4% chain legs -->
		<item id="2649" chance="30000"/><!-- 30% leather legs -->
		<item id="1987" chance="100000"><!-- bag -->
			<item id="2189" chance="1000"/><!-- 1% wand of cosmic energy -->
			<item id="2404" chance="8000"/><!-- 8% combat knife -->
			<item id="2403" chance="20000"/><!-- 20% knife -->
			<item id="2050" chance="60000"/><!-- 60% torch -->
		</item>
	</loot>
</monster>