<?xml version="1.0" encoding="UTF-8"?>
<monster name="orc berserker" nameDescription="an orc berserker" race="blood" experience="195" speed="250" manacost="590">
	<health now="210" max="210"/>
	<look type="8" corpse="2864"/>
	<targetchange interval="1000" chance="10"/>
	<flags>
		<flag attackable="1"/>
		<flag hostile="1"/>
		<flag summonable="1"/>
		<flag convinceable="1"/>
		<flag illusionable="1"/>
		<flag pushable="0"/>
		<flag canpushitems="1"/>
		<flag canpushcreatures="1"/>
		<flag targetdistance="1"/>
		<flag staticattack="90"/>
		<flag runonhealth="0"/>
	</flags>
	<attacks>
		<attack name="melee" interval="2000" skill="50" attack="65"/>
	</attacks>
	<defenses armor="12" defense="12">
		<!--<defense name="speed" interval="2000" chance="9" speedchange="400" duration="6000">
	    <defense name="speed" interval="2000" chance="9" speedchange="100" duration="6000">
			<attribute key="areaEffect" value="redshimmer"/>
		</defense>-->
		<defense name="haste_orcberserker" interval="2000" chance="9" />
	</defenses>
	<elements>
		<element earthPercent="100"/>
	</elements>
	<immunities>
		<immunity poison="1"/>
	</immunities>
	<voices interval="2000" chance="5">
		<voice sentence="KRAK ORRRRRRK!" yell="1"/>
	</voices>
	<loot>
		<item id="2671" chance="34000"/><!-- 34% ham -->
		<item id="2148" chance="55000" countmax="12"/><!-- 12 55% gold coin -->
		<item id="2464" chance="20000"/><!-- 20% chain armor -->
		<item id="2458" chance="22000"/><!-- 22% chain helmet -->
		<item id="1987" chance="100000"><!-- bag -->
				<item id="2381" chance="14000"/><!-- 14% halberd -->
				<item id="2378" chance="12000"/><!-- 12% battle axe -->
				<item id="2044" chance="7000"/><!-- 16% lamp -->
		</item>
	</loot>
</monster>