<?xml version="1.0" encoding="UTF-8"?>
<monster name="orc leader" nameDescription="an orc leader" race="blood" experience="270" speed="230" manacost="640">
	<health now="450" max="450"/>
	<look type="59" corpse="2938"/>
	<targetchange interval="1000" chance="5"/>
	<flags>
		<flag attackable="1"/>
		<flag hostile="1"/>
		<flag summonable="1"/>
		<flag convinceable="1"/>
		<flag illusionable="1"/>
		<flag pushable="0"/>
		<flag canpushitems="1"/>
		<flag canpushcreatures="1"/>
		<flag targetdistance="1"/>
		<flag staticattack="90"/>
		<flag runonhealth="0"/>
	</flags>
	<attacks>
		<attack name="melee" interval="2000" skill="52" attack="48"/>
		<attack name="physical" checkshield="1" interval="2000" chance="17" range="7" min="-50" max="-70">
			<attribute key="shootEffect" value="throwingknife"/>
		</attack>
	</attacks>
	<defenses armor="20" defense="145">
	</defenses>
	<elements>
	</elements>
	<immunities>
		<immunity fire="1"/>
		<immunity invisible="1"/>
	</immunities>
	<voices interval="2000" chance="5">
		<voice sentence="Ulderek futgyr human!"/>
	</voices>
	<loot>
		<item id="2667" chance="60000"/><!-- 60% fish -->
		<item id="2666" chance="30000" countmax="2"/><!-- 2 30% meat -->
		<item id="2148" chance="56000" countmax="35"/><!-- 35 56% gold coin -->
		<item id="1988" chance="40000"/><!-- 40% backpack -->
		<item id="2463" chance="3000"/><!-- 3% plate armor -->
		<item id="2647" chance="800"/><!-- 0.8% plate legs -->
		<item id="2478" chance="5000"/><!-- 5% brass legs -->
		<item id="2475" chance="300"/><!-- 0.1% warrior helmet -->
		<item id="2410" chance="20000" countmax="4"/><!-- 4 20% throwing knife -->
		<item id="1987" chance="100000"><!-- bag -->
			<item id="2207" chance="8000"/><!-- 8% sword ring -->
			<item id="2413" chance="1600"/><!-- 1.6% broad sword -->
			<item id="2397" chance="16000"/><!-- 16% longsword -->
			<item id="2419" chance="24000"/><!-- 24% scimitar -->
			<item id="2379" chance="46000"/><!-- 46% dagger -->
			<item id="2510" chance="10000"/><!-- 20% plate shield -->
		</item>
	</loot>
</monster>