<?xml version="1.0" encoding="UTF-8"?>
<monster name="rabbit" nameDescription="a rabbit" race="blood" experience="0" speed="180" manacost="220">
	<health now="15" max="15"/>
	<look type="74" corpse="3119"/>
	<targetchange interval="1000" chance="0"/>
	<flags>
		<flag attackable="1"/>
		<flag hostile="0"/>
		<flag summonable="1"/>
		<flag convinceable="1"/>
		<flag illusionable="1"/>
		<flag pushable="1"/>
		<flag canpushitems="0"/>
		<flag canpushcreatures="0"/>
		<flag targetdistance="1"/>
		<flag staticattack="90"/>
		<flag runonhealth="15"/>
	</flags>
	<attacks>
		<attack name="melee" interval="2000" skill="0" attack="0"/>
	</attacks>
	<defenses armor="1" defense="2">
	</defenses>
	<elements>
	</elements>
	<immunities>
	</immunities>
	<voices interval="2000" chance="5">
	</voices>
	<loot>
		<item id="2684" chance="20000"/><!-- 20% carrot -->
		<item id="2666" chance="85000" countmax="2"/><!-- 2 85% meat -->
	</loot>
</monster>