<?xml version="1.0" encoding="UTF-8"?>
<monster name="serpent spawn" nameDescription="a serpent spawn" race="blood" experience="2000" speed="234" manacost="0">
	<health now="3000" max="3000"/>
	<look type="220" corpse="4323"/>
	<targetchange interval="1000" chance="25"/>
	<flags>
		<flag attackable="1"/>
		<flag hostile="1"/>
		<flag summonable="0"/>
		<flag convinceable="0"/>
		<flag illusionable="0"/>
		<flag pushable="0"/>
		<flag canpushitems="1"/>
		<flag canpushcreatures="1"/>
		<flag targetdistance="1"/>
		<flag staticattack="90"/>
		<flag runonhealth="275"/>
	</flags>
	<attacks>
		<attack name="melee" interval="2000" skill="82" attack="62"/>
		<attack name="poison" interval="2000" chance="13" range="7" min="-100" max="-300">
			<attribute key="shootEffect" value="poison"/>
			<attribute key="areaEffect" value="greenspark"/>
		</attack>
		<attack name="outfit" interval="2000" chance="9" range="7" item="3976" duration="4000">
			<attribute key="areaEffect" value="blueshimmer"/>
		</attack>
		<!--<attack name="speed" interval="2000" chance="13" range="7" radius="4" target="1" speedchange="-600" duration="120000">
		<attack name="speed" interval="2000" chance="20" range="7" radius="4" target="1" speedchange="-130" duration="120000">
			<attribute key="shootEffect" value="poison"/>
			<attribute key="areaEffect" value="greenbubble"/>
		</attack>-->
		<attack name="paralyze_serpentspawn" interval="2000" chance="13" range="7" />
		<attack name="lifedrain" interval="2000" chance="15" length="8" spread="0" min="-150" max="-400">
			<attribute key="areaEffect" value="rednote"/>
		</attack>
		<attack name="poison" interval="2000" chance="17" length="8" spread="3" min="-50" max="-500">
			<attribute key="areaEffect" value="poison"/>
		</attack>
	</attacks>
	<defenses armor="28" defense="40">
		<defense name="healing" interval="2000" chance="17" min="300" max="400">
			<attribute key="areaEffect" value="blueshimmer"/>
		</defense>
		<!--<defense name="speed" interval="2000" chance="9" speedchange="810" duration="3000">
		<defense name="speed" interval="2000" chance="9" speedchange="190" duration="3000">
			<attribute key="areaEffect" value="redshimmer"/>
		</defense>-->
		<defense name="haste_serpentspawn" interval="2000" chance="9" />		
	</defenses>
	<elements>
	</elements>
	<immunities>
		<immunity poison="1"/>
		<immunity lifedrain="1"/>
		<immunity paralyze="1"/>
		<immunity invisible="1"/>
	</immunities>
	<voices interval="2000" chance="5">
		<voice sentence="Ssssolus for the one"/>
		<voice sentence="HISSSS" yell="1"/>
		<voice sentence="Tsssse one will risssse again"/>
		<voice sentence="I bring you deathhhh, mortalssss"/>
	</voices>
	<loot>
		<item id="2796" chance="36000"/><!-- 36% green mushroom -->
		<item id="2148" chance="60000" countmax="100"/><!-- 100 60% gold coin-->
		<item id="2148" chance="80000" countmax="50"/><!-- 50 80% gold coin-->
		<item id="2148" chance="80000" countmax="100"/><!-- 100 80% gold coin -->
		<item id="2146" chance="12000"/><!-- 12% small sapphire -->
		<item id="2177" chance="1600"/><!-- 1.6% life crystal -->
		<item id="1967" chance="1000"/><!-- 1% old parchment -->
		<item id="2547" chance="12000"/><!-- 12% power bolt -->
		<item id="2033" chance="6000"/><!-- 6% golden mug -->
		<item id="1976" chance="18000"/><!-- 18% gemmed book -->
		<item id="2498" chance="300"/><!-- 0.1% royal helmet -->
		<item id="3971" chance="4000"/><!-- 4% charmer's tiara -->
		<item id="2479" chance="1200"/><!-- 1.2% strange helmet -->
		<item id="2492" chance="300"/><!-- 0.2% dragon scale mail -->
		<item id="1987" chance="100000"><!-- bag -->
			<item id="2167" chance="6000"/><!-- 6% energy ring -->
			<item id="2168" chance="6000"/><!-- 6% life ring -->
			<item id="2182" chance="2000"/><!-- 2% snakebite rod -->
			<item id="2392" chance="600"/><!-- 0.6% fire sword -->
			<item id="2528" chance="800"/><!-- 0.8% tower shield -->
		</item>
	</loot>
</monster>