<?xml version="1.0" encoding="UTF-8"?>
<monster name="sibang" nameDescription="a sibang" race="blood" experience="105" speed="214" manacost="0">
	<health now="225" max="225"/>
	<look type="118" corpse="4274"/>
	<targetchange interval="1000" chance="50"/>
	<flags>
		<flag attackable="1"/>
		<flag hostile="1"/>
		<flag summonable="0"/>
		<flag convinceable="0"/>
		<flag illusionable="1"/>
		<flag pushable="0"/>
		<flag canpushitems="1"/>
		<flag canpushcreatures="0"/>
		<flag targetdistance="4"/>
		<flag staticattack="90"/>
		<flag runonhealth="0"/>
	</flags>
	<attacks>
		<attack name="melee" interval="2000" skill="33" attack="20"/>
		<attack name="physical" checkshield="1" interval="1000" chance="25" range="7" min="-35" max="-55">
			<attribute key="shootEffect" value="smallstone"/>
		</attack>
	</attacks>
	<defenses armor="15" defense="32">
		<!--<defense name="speed" interval="1000" chance="12" speedchange="700" duration="3000">
		<defense name="speed" interval="1000" chance="12" speedchange="150" duration="3000">
			<attribute key="areaEffect" value="redshimmer"/>
		</defense>-->
		<defense name="haste_sibang" interval="1000" chance="12" />
	</defenses>
	<elements>
	</elements>
	<immunities>
		<immunity invisible="1"/>
	</immunities>
	<voices interval="2000" chance="5">
		<voice sentence="Eeeeek! Eeeeek"/>
		<voice sentence="Huh! Huh! Huh!"/>
		<voice sentence="Ahhuuaaa!"/>
	</voices>
	<loot>
		<item id="2676" chance="10000" countmax="10"/><!-- 10 10% banana -->
		<item id="2676" chance="30000" countmax="2"/><!-- 2 60% banana -->
		<item id="2678" chance="40000" countmax="5"/><!-- 5 40% coconut -->
		<item id="2675" chance="40000" countmax="5"/><!-- 5 40% orange -->
		<item id="2682" chance="20000"/><!-- 20% melon -->
		<item id="2148" chance="80000" countmax="25"/><!-- 25 80% gold coin -->
		<item id="1294" countmax="3" chance1="60000" chancemax="0"/><!-- 3 60% small stone -->
		<item id="2458" chance="8000"/><!-- 8% chain helmet -->
	</loot>
</monster>