<?xml version="1.0" encoding="UTF-8"?>
<monster name="skunk" nameDescription="a skunk" race="blood" experience="3" speed="136" manacost="200">
	<health now="20" max="20"/>
	<look type="106" corpse="3046"/>
	<targetchange interval="1000" chance="0"/>
	<flags>
		<flag attackable="1"/>
		<flag hostile="1"/>
		<flag summonable="1"/>
		<flag convinceable="1"/>
		<flag illusionable="1"/>
		<flag pushable="1"/>
		<flag canpushitems="0"/>
		<flag canpushcreatures="0"/>
		<flag targetdistance="1"/>
		<flag staticattack="90"/>
		<flag runonhealth="8"/>
	</flags>
	<attacks>
		<attack name="melee" interval="2000" skill="15" attack="4"/>
		<attack name="poison" interval="2000" chance="2" range="1" radius="1" target="1" min="-1" max="-3">
			<attribute key="areaEffect" value="poison"/>
		</attack>
	</attacks>
	<defenses armor="1" defense="5">
	</defenses>
	<elements>
	</elements>
	<immunities>
	</immunities>
	<voices interval="2000" chance="5">
	</voices>
	<loot>
		<item id="2666" chance="2000" countmax="2"/><!-- 2 2% meat -->
		<item id="3976" chance="10000"/><!-- 10% worm -->
	</loot>
</monster>