<?xml version="1.0" encoding="UTF-8"?>
<monster name="tarantula" nameDescription="a tarantula" race="venom" experience="120" speed="214" manacost="485">
	<health now="225" max="225"/>
	<look type="219" corpse="4320"/>
	<targetchange interval="1000" chance="5"/>
	<flags>
		<flag attackable="1"/>
		<flag hostile="1"/>
		<flag summonable="1"/>
		<flag convinceable="1"/>
		<flag illusionable="1"/>
		<flag pushable="0"/>
		<flag canpushitems="1"/>
		<flag canpushcreatures="0"/>
		<flag targetdistance="1"/>
		<flag staticattack="90"/>
		<flag runonhealth="0"/>
	</flags>
	<attacks>
		<attack name="melee" interval="2000" skill="40" attack="38" poison="30"/>
		<attack name="poisonfield" interval="2000" chance="20" range="1">
			<attribute key="shootEffect" value="poison"/>
			<attribute key="areaEffect" value="poff"/>
		</attack>
	</attacks>
	<defenses armor="20" defense="20">
		<!--<defense name="speed" interval="2000" chance="13" speedchange="890" duration="2000">
	    <defense name="speed" interval="2000" chance="13" speedchange="190" duration="2000">
			<attribute key="areaEffect" value="redshimmer"/>
		</defense>-->
		<defense name="haste_tarantula" interval="2000" chance="13" />
	</defenses>
	<elements>
	</elements>
	<immunities>
		<immunity poison="1"/>
	</immunities>
	<voices interval="2000" chance="5">
	</voices>
	<loot>
		<item id="2148" chance="60000" countmax="30"/><!-- 30 60% gold coin -->
		<item id="2148" chance="70000" countmax="10"/><!-- 10 70% gold coin -->
		<item id="2457" chance="1000"/><!-- 2% steel helmet -->
		<item id="2478" chance="6000"/><!-- 6% brass legs -->
		<item id="1987" chance="100000"><!-- bag -->
			<item id="2169" chance="300"/><!-- 0.1% time ring -->
			<item id="2510" chance="2000"/><!-- 4% plate shield -->
		</item>
	</loot>
</monster>