<?xml version="1.0" encoding="UTF-8"?>
<monster name="terror bird" nameDescription="a terror bird" race="blood" experience="150" speed="212" manacost="490">
	<health now="300" max="300"/>
	<look type="218" corpse="4317"/>
	<targetchange interval="1000" chance="5"/>
	<flags>
		<flag attackable="1"/>
		<flag hostile="1"/>
		<flag summonable="1"/>
		<flag convinceable="1"/>
		<flag illusionable="1"/>
		<flag pushable="0"/>
		<flag canpushitems="1"/>
		<flag canpushcreatures="1"/>
		<flag targetdistance="1"/>
		<flag staticattack="90"/>
		<flag runonhealth="0"/>
	</flags>
	<attacks>
		<attack name="melee" interval="2000" skill="46" attack="37"/>
	</attacks>
	<defenses armor="13" defense="21">
	</defenses>
	<elements>
	</elements>
	<immunities>
	</immunities>
	<voices interval="2000" chance="5">
		<voice sentence="CRAAAHHH!"/>
		<voice sentence="Gruuuh Gruuuh."/>
		<voice sentence="Carrah Carrah!"/>
	</voices>
	<loot>
		<item id="2666" chance="50000" countmax="4"/><!-- 2 50% meat -->
		<item id="2148" chance="80000" countmax="20"/><!-- 20 80% gold coin-->
		<item id="2148" chance="70000" countmax="10"/><!-- 10 70% gold coin-->
		<item id="3976" chance="10000" countmax="1"/><!-- 3 40% worm -->
		<item id="3970" chance="300"/><!-- 0.1% feather headdress -->
	</loot>
</monster>