<?xml version="1.0" encoding="UTF-8"?>
<monster name="vampire" nameDescription="a vampire" race="undead" experience="290" speed="220" manacost="0">
	<health now="450" max="450"/>
	<look type="68" corpse="2956"/>
	<targetchange interval="1000" chance="5"/>
	<flags>
		<flag attackable="1"/>
		<flag hostile="1"/>
		<flag summonable="0"/>
		<flag convinceable="0"/>
		<flag illusionable="1"/>
		<flag pushable="0"/>
		<flag canpushitems="1"/>
		<flag canpushcreatures="1"/>
		<flag targetdistance="1"/>
		<flag staticattack="90"/>
		<flag runonhealth="0"/>
	</flags>
	<attacks>
		<attack name="melee" interval="2000" skill="65" attack="42"/>
		<attack name="lifedrain" interval="2000" chance="20" range="1" min="-55" max="-105"/>
		<!--<attack name="speed" interval="2000" chance="12" range="7" speedchange="-600" duration="30000">
		<attack name="speed" interval="2000" chance="12" range="7" speedchange="-140" duration="30000">
			<attribute key="areaEffect" value="redshimmer"/>
		</attack>-->
		<attack name="paralyze_vampire" interval="2000" chance="12" range="7" />
	</attacks>
	<defenses armor="27" defense="38">
		<defense name="outfit" interval="2000" chance="1" monster="bat" duration="6000">
			<attribute key="areaEffect" value="blueshimmer"/>
		</defense>
	</defenses>
	<elements>
	</elements>
	<immunities>
		<immunity poison="1"/>
		<immunity lifedrain="1"/>
		<immunity paralyze="1"/>
		<immunity invisible="1"/>
	</immunities>
	<voices interval="2000" chance="5">
		<voice sentence="BLOOD!" yell="1"/>
		<voice sentence="Let me kiss your neck."/>
		<voice sentence="I smell warm blood."/>
		<voice sentence="I call you, my bats! Come!"/>
	</voices>
	<loot>
		<item id="2148" chance="30000" countmax="20"/><!-- 20 30% gold coin -->
		<item id="2144" chance="3000"/><!-- 3% black pearl -->
		<item id="2149" chance="300"/><!-- 0.2% emerald bangle -->
		<item id="2229" chance="20000"/><!-- 20% skull -->
		<item id="2032" chance="22000"/><!-- 22% bowl -->
		<item id="2747" chance="36000"/><!-- 36% grave flower -->
		<item id="2479" chance="800"/><!-- 0.8% strange helmet -->
		<item id="2649" chance="16000"/><!-- 16% leather legs -->
		<item id="1987" chance="100000"><!-- bag -->
			<item id="2172" chance="300"/><!-- 0.2% bronze amulet -->
			<item id="2383" chance="2000"/><!-- 2% spike sword -->
			<item id="2412" chance="30000"/><!-- 30% katana -->
			<item id="2396" chance="600"/><!-- 0.6% ice rapier -->
			<item id="2534" chance="300"/><!-- 0.1% vampire shield -->
		</item>
	</loot>
</monster>