<?xml version="1.0" encoding="UTF-8"?>
<movements>
	<!-- Decaying tiles -->
	<movevent event="StepIn" itemid="293" script="decay.lua" />
	<movevent event="StepIn" itemid="461" script="decay.lua" />

	<!-- (Depot & Level) tiles -->
	<movevent event="StepIn" itemid="416" script="tiles.lua" />
	<movevent event="StepOut" itemid="417" script="tiles.lua" />
	<movevent event="StepIn" itemid="426" script="tiles.lua" />
	<movevent event="StepOut" itemid="425" script="tiles.lua" />
	<movevent event="StepIn" itemid="446" script="tiles.lua" />
	<movevent event="StepOut" itemid="447" script="tiles.lua" />
	<movevent event="StepIn" itemid="3216" script="tiles.lua" />
	<movevent event="StepOut" itemid="3217" script="tiles.lua" />

	<!-- Traps -->
	<movevent event="StepIn" itemid="1510" script="trap.lua" />
	<movevent event="StepOut" itemid="1511" script="trap.lua" />
	<movevent event="StepIn" itemid="1513" script="trap.lua" />
	<movevent event="StepIn" itemid="2579" script="trap.lua" />
	<movevent event="RemoveItem" itemid="2579" script="trap.lua" />
	<movevent event="StepIn" itemid="4208" script="trap.lua" />
	<movevent event="StepOut" itemid="4209" script="trap.lua" />

	<!-- Citizen teleport -->
	<movevent event="StepIn" itemid="1387" script="citizen.lua" />

	<!-- (Level & quest) doors -->
	<movevent event="StepOut" itemid="1224" script="closingdoor.lua" />
	<movevent event="StepOut" itemid="1226" script="closingdoor.lua" />
	<movevent event="StepOut" itemid="1228" script="closingdoor.lua" />
	<movevent event="StepOut" itemid="1230" script="closingdoor.lua" />
	<movevent event="StepOut" itemid="1242" script="closingdoor.lua" />
	<movevent event="StepOut" itemid="1244" script="closingdoor.lua" />
	<movevent event="StepOut" itemid="1246" script="closingdoor.lua" />
	<movevent event="StepOut" itemid="1248" script="closingdoor.lua" />
	<movevent event="StepOut" itemid="1256" script="closingdoor.lua" />
	<movevent event="StepOut" itemid="1258" script="closingdoor.lua" />
	<movevent event="StepOut" itemid="1260" script="closingdoor.lua" />
	<movevent event="StepOut" itemid="1262" script="closingdoor.lua" />
	<movevent event="StepOut" itemid="3541" script="closingdoor.lua" />
	<movevent event="StepOut" itemid="3543" script="closingdoor.lua" />
	<movevent event="StepOut" itemid="3550" script="closingdoor.lua" />
	<movevent event="StepOut" itemid="3552" script="closingdoor.lua" />

	<!-- Create bread movements -->
	<movevent event="AddItem" tileitem="1" itemid="1786" script="dough.lua" />
	<movevent event="AddItem" tileitem="1" itemid="1788" script="dough.lua" />
	<movevent event="AddItem" tileitem="1" itemid="1790" script="dough.lua" />
	<movevent event="AddItem" tileitem="1" itemid="1792" script="dough.lua" />

	<!-- Campfires -->
	<movevent event="StepIn" itemid="1423" function="onStepInField" />
	<movevent event="AddItem" itemid="1423" function="onAddField" />
	<movevent event="StepIn" itemid="1424" function="onStepInField" />
	<movevent event="AddItem" itemid="1424" function="onAddField" />
	<movevent event="StepIn" itemid="1425" function="onStepInField" />
	<movevent event="AddItem" itemid="1425" function="onAddField" />

	<!-- Fields -->
	<movevent event="StepIn" itemid="1487" function="onStepInField" />
	<movevent event="AddItem" itemid="1487" function="onAddField" />
	<movevent event="StepIn" itemid="1488" function="onStepInField" />
	<movevent event="AddItem" itemid="1488" function="onAddField" />
	<movevent event="StepIn" itemid="1489" function="onStepInField" />
	<movevent event="AddItem" itemid="1489" function="onAddField" />
	<movevent event="StepIn" itemid="1490" function="onStepInField" />
	<movevent event="AddItem" itemid="1490" function="onAddField" />
	<movevent event="StepIn" itemid="1491" function="onStepInField" />
	<movevent event="AddItem" itemid="1491" function="onAddField" />
	<movevent event="StepIn" itemid="1492" function="onStepInField" />
	<movevent event="AddItem" itemid="1492" function="onAddField" />
	<movevent event="StepIn" itemid="1493" function="onStepInField" />
	<movevent event="AddItem" itemid="1493" function="onAddField" />
	<movevent event="StepIn" itemid="1494" function="onStepInField" />
	<movevent event="AddItem" itemid="1494" function="onAddField" />
	<movevent event="StepIn" itemid="1495" function="onStepInField" />
	<movevent event="AddItem" itemid="1495" function="onAddField" />
	<movevent event="StepIn" itemid="1496" function="onStepInField" />
	<movevent event="AddItem" itemid="1496" function="onAddField" />
	<movevent event="StepIn" itemid="1497" function="onStepInField" />
	<movevent event="AddItem" itemid="1497" function="onAddField" />
	<movevent event="StepIn" itemid="1498" function="onStepInField" />
	<movevent event="AddItem" itemid="1498" function="onAddField" />
	<movevent event="StepIn" itemid="1499" function="onStepInField" />
	<movevent event="AddItem" itemid="1499" function="onAddField" />
	<movevent event="StepIn" itemid="1500" function="onStepInField" />
	<movevent event="AddItem" itemid="1500" function="onAddField" />
	<movevent event="StepIn" itemid="1501" function="onStepInField" />
	<movevent event="AddItem" itemid="1501" function="onAddField" />
	<movevent event="StepIn" itemid="1502" function="onStepInField" />
	<movevent event="AddItem" itemid="1502" function="onAddField" />
	<movevent event="StepIn" itemid="1503" function="onStepInField" />
	<movevent event="AddItem" itemid="1503" function="onAddField" />
	<movevent event="StepIn" itemid="1504" function="onStepInField" />
	<movevent event="AddItem" itemid="1504" function="onAddField" />
	<movevent event="StepIn" itemid="1505" function="onStepInField" />
	<movevent event="AddItem" itemid="1505" function="onAddField" />
	<movevent event="StepIn" itemid="1506" function="onStepInField" />
	<movevent event="AddItem" itemid="1506" function="onAddField" />
	<movevent event="StepIn" itemid="1507" function="onStepInField" />
	<movevent event="AddItem" itemid="1507" function="onAddField" />

	<!-- Boots -->
	<movevent event="Equip" itemid="2195" slot="feet" function="onEquipItem" />
	<movevent event="DeEquip" itemid="2195" slot="feet" function="onDeEquipItem" />
	<movevent event="Equip" itemid="2640" slot="feet" function="onEquipItem" />
	<movevent event="DeEquip" itemid="2640" slot="feet" function="onDeEquipItem" />

	<!-- Amulets -->
	<movevent event="Equip" itemid="2161" slot="necklace" function="onEquipItem" />
	<movevent event="DeEquip" itemid="2161" slot="necklace" function="onDeEquipItem" />
	<movevent event="Equip" itemid="2170" slot="necklace" function="onEquipItem" />
	<movevent event="DeEquip" itemid="2170" slot="necklace" function="onDeEquipItem" />
	<movevent event="Equip" itemid="2172" slot="necklace" function="onEquipItem" />
	<movevent event="DeEquip" itemid="2172" slot="necklace" function="onDeEquipItem" />
	<movevent event="Equip" itemid="2197" slot="necklace" function="onEquipItem" />
	<movevent event="DeEquip" itemid="2197" slot="necklace" function="onDeEquipItem" />
	<movevent event="Equip" itemid="2198" slot="necklace" function="onEquipItem" />
	<movevent event="DeEquip" itemid="2198" slot="necklace" function="onDeEquipItem" />
	<movevent event="Equip" itemid="2199" slot="necklace" function="onEquipItem" />
	<movevent event="DeEquip" itemid="2199" slot="necklace" function="onDeEquipItem" />
	<movevent event="Equip" itemid="2200" slot="necklace" function="onEquipItem" />
	<movevent event="DeEquip" itemid="2200" slot="necklace" function="onDeEquipItem" />
	<movevent event="Equip" itemid="2201" slot="necklace" function="onEquipItem" />
	<movevent event="DeEquip" itemid="2201" slot="necklace" function="onDeEquipItem" />
	<movevent event="Equip" itemid="2173" slot="necklace" function="onEquipItem" />
	<movevent event="DeEquip" itemid="2173" slot="necklace" function="onDeEquipItem" />

	<!-- Rings -->
	<movevent event="Equip" itemid="2164" slot="ring" function="onEquipItem" />
	<movevent event="DeEquip" itemid="2164" slot="ring" function="onDeEquipItem" />
	<movevent event="Equip" itemid="2165" slot="ring" function="onEquipItem" />
	<movevent event="Equip" itemid="2202" slot="ring" function="onEquipItem" />
	<movevent event="DeEquip" itemid="2202" slot="ring" function="onDeEquipItem" />
	<movevent event="Equip" itemid="2166" slot="ring" function="onEquipItem" />
	<movevent event="Equip" itemid="2203" slot="ring" function="onEquipItem" />
	<movevent event="DeEquip" itemid="2203" slot="ring" function="onDeEquipItem" />
	<movevent event="Equip" itemid="2167" slot="ring" function="onEquipItem" />
	<movevent event="Equip" itemid="2204" slot="ring" function="onEquipItem" />
	<movevent event="DeEquip" itemid="2204" slot="ring" function="onDeEquipItem" />
	<movevent event="Equip" itemid="2168" slot="ring" function="onEquipItem" />
	<movevent event="Equip" itemid="2205" slot="ring" function="onEquipItem" />
	<movevent event="DeEquip" itemid="2205" slot="ring" function="onDeEquipItem" />
	<movevent event="Equip" itemid="2169" slot="ring" function="onEquipItem" />
	<movevent event="Equip" itemid="2206" slot="ring" function="onEquipItem" />
	<movevent event="DeEquip" itemid="2206" slot="ring" function="onDeEquipItem" />
	<movevent event="Equip" itemid="2207" slot="ring" function="onEquipItem" />
	<movevent event="Equip" itemid="2210" slot="ring" function="onEquipItem" />
	<movevent event="DeEquip" itemid="2210" slot="ring" function="onDeEquipItem" />
	<movevent event="Equip" itemid="2208" slot="ring" function="onEquipItem" />
	<movevent event="Equip" itemid="2211" slot="ring" function="onEquipItem" />
	<movevent event="DeEquip" itemid="2211" slot="ring" function="onDeEquipItem" />
	<movevent event="Equip" itemid="2209" slot="ring" function="onEquipItem" />
	<movevent event="Equip" itemid="2212" slot="ring" function="onEquipItem" />
	<movevent event="DeEquip" itemid="2212" slot="ring" function="onDeEquipItem" />
	<movevent event="Equip" itemid="2213" slot="ring" function="onEquipItem" />
	<movevent event="Equip" itemid="2215" slot="ring" function="onEquipItem" />
	<movevent event="DeEquip" itemid="2215" slot="ring" function="onDeEquipItem" />
	<movevent event="Equip" itemid="2214" slot="ring" function="onEquipItem" />
	<movevent event="Equip" itemid="2216" slot="ring" function="onEquipItem" />
	<movevent event="DeEquip" itemid="2216" slot="ring" function="onDeEquipItem" />

	<!-- Helmets -->
	<movevent event="Equip" itemid="2474" slot="head" function="onEquipItem" />
	<movevent event="DeEquip" itemid="2474" slot="head" function="onDeEquipItem" />
	<movevent event="Equip" itemid="2343" slot="head" function="onEquipItem" />
	<movevent event="DeEquip" itemid="2343" slot="head" function="onDeEquipItem" />
	<movevent event="Equip" itemid="2323" slot="head" function="onEquipItem">
		<vocation name="Sorcerer" />
		<vocation name="Master Sorcerer" showInDescription="0" />
		<vocation name="Druid" />
		<vocation name="Elder Druid" showInDescription="0" />
	</movevent>
	<movevent event="DeEquip" itemid="2323" slot="head" function="onDeEquipItem" />
	<movevent event="Equip" itemid="2502" slot="head" function="onEquipItem" />
	<movevent event="DeEquip" itemid="2502" slot="head" function="onDeEquipItem" />

	<!-- Armors -->
	<movevent event="Equip" itemid="2466" slot="armor" function="onEquipItem">
		<vocation name="Knight" />
		<vocation name="Elite Knight" showInDescription="0" />
		<vocation name="Paladin" />
		<vocation name="Royal Paladin" showInDescription="0" />
	</movevent>
	<movevent event="DeEquip" itemid="2466" slot="armor" function="onDeEquipItem" />
	<movevent event="Equip" itemid="2472" slot="armor" function="onEquipItem">
		<vocation name="Knight" />
		<vocation name="Elite Knight" showInDescription="0" />
		<vocation name="Paladin" />
		<vocation name="Royal Paladin" showInDescription="0" />
	</movevent>
	<movevent event="DeEquip" itemid="2472" slot="armor" function="onDeEquipItem" />
	<movevent event="Equip" itemid="2476" slot="armor" function="onEquipItem">
		<vocation name="Knight" />
		<vocation name="Elite Knight" showInDescription="0" />
		<vocation name="Paladin" />
		<vocation name="Royal Paladin" showInDescription="0" />
	</movevent>
	<movevent event="DeEquip" itemid="2476" slot="armor" function="onDeEquipItem" />
	<movevent event="Equip" itemid="2487" slot="armor" function="onEquipItem">
		<vocation name="Knight" />
		<vocation name="Elite Knight" showInDescription="0" />
		<vocation name="Paladin" />
		<vocation name="Royal Paladin" showInDescription="0" />
	</movevent>
	<movevent event="DeEquip" itemid="2487" slot="armor" function="onDeEquipItem" />
	<movevent event="Equip" itemid="2492" slot="armor" function="onEquipItem">
		<vocation name="Knight" />
		<vocation name="Elite Knight" showInDescription="0" />
		<vocation name="Paladin" />
		<vocation name="Royal Paladin" showInDescription="0" />
	</movevent>
	<movevent event="DeEquip" itemid="2492" slot="armor" function="onDeEquipItem" />
	<movevent event="Equip" itemid="2500" slot="armor" level="60" function="onEquipItem">
		<vocation name="Paladin" />
		<vocation name="Royal Paladin" showInDescription="0" />
	</movevent>
	<movevent event="DeEquip" itemid="2500" slot="armor" function="onDeEquipItem" />
	<movevent event="Equip" itemid="2503" slot="armor" function="onEquipItem" />
	<movevent event="DeEquip" itemid="2503" slot="armor" function="onDeEquipItem" />

	<!-- Legs -->
	<movevent event="Equip" itemid="2477" slot="legs" function="onEquipItem">
		<vocation name="Knight" />
		<vocation name="Elite Knight" showInDescription="0" />
		<vocation name="Paladin" />
		<vocation name="Royal Paladin" showInDescription="0" />
	</movevent>
	<movevent event="DeEquip" itemid="2477" slot="legs" function="onDeEquipItem" />
	<movevent event="Equip" itemid="2488" slot="legs" function="onEquipItem">
		<vocation name="Knight" />
		<vocation name="Elite Knight" showInDescription="0" />
		<vocation name="Paladin" />
		<vocation name="Royal Paladin" showInDescription="0" />
	</movevent>
	<movevent event="DeEquip" itemid="2488" slot="legs" function="onDeEquipItem" />
	<movevent event="Equip" itemid="2470" slot="legs" function="onEquipItem">
		<vocation name="Knight" />
		<vocation name="Elite Knight" showInDescription="0" />
		<vocation name="Paladin" />
		<vocation name="Royal Paladin" showInDescription="0" />
	</movevent>
	<movevent event="DeEquip" itemid="2470" slot="legs" function="onDeEquipItem" />
	<movevent event="Equip" itemid="2504" slot="legs" function="onEquipItem" />
	<movevent event="DeEquip" itemid="2504" slot="legs" function="onDeEquipItem" />

	<!-- Shields -->
	<movevent event="Equip" itemid="2175" slot="shield" function="onEquipItem">
		<vocation name="Sorcerer" />
		<vocation name="Master Sorcerer" showInDescription="0" />
		<vocation name="Druid" />
		<vocation name="Elder Druid" showInDescription="0" />
	</movevent>
	<movevent event="DeEquip" itemid="2175" slot="shield" function="onDeEquipItem" />
</movements>
