<?xml version="1.0" encoding="UTF-8"?>
<spells>
	
<!-- Rune Spells -->
<!-- Attack Runes -->
	<rune group="healing" spellid="27" name="Energy Field" id="2277" allowfaruse="1" charges="3" lvl="0" maglv="3" exhaustion="2000" groupcooldown="2000" blocktype="solid" script="attack/energy field.lua"/>
	<rune group="healing" spellid="33" name="Energy Wall" id="2279" allowfaruse="1" charges="4" lvl="0" maglv="9" exhaustion="2000" groupcooldown="2000" blocktype="solid" script="attack/energy wall.lua"/>
	<rune group="healing" spellid="55" name="Energybomb" id="2262" allowfaruse="1" charges="2" lvl="0" maglv="10" exhaustion="2000" groupcooldown="2000" blocktype="solid" script="attack/energybomb.lua"/>
    <rune group="healing" spellid="142" name="Envenom" id="2292" allowfaruse="1" charges="1" lvl="0" maglv="4" exhaustion="2000" groupcooldown="2000" needtarget="0" blocktype="solid" script="attack/envenom.lua"/>
	<rune group="healing" spellid="18" name="Explosion" id="2313" allowfaruse="1" charges="3" lvl="0" maglv="6" exhaustion="2000" groupcooldown="2000" blocktype="solid" script="attack/explosion.lua"/>
	<rune group="healing" spellid="25" name="Fire Field" id="2301" allowfaruse="1" charges="3" lvl="0" maglv="1" exhaustion="2000" groupcooldown="2000" blocktype="solid" script="attack/fire field.lua"/>
	<rune group="healing" spellid="28" name="Fire Wall" id="2303" allowfaruse="1" charges="4" lvl="0" maglv="6" exhaustion="2000" groupcooldown="2000" blocktype="solid" script="attack/fire wall.lua"/>
	<rune group="healing" spellid="15" name="Fireball" id="2302" allowfaruse="1" charges="2" lvl="0" maglv="2" exhaustion="2000" groupcooldown="2000" blocktype="solid" script="attack/fireball.lua"/>
	<rune group="healing" spellid="17" name="Firebomb" id="2305" allowfaruse="1" charges="2" lvl="0" maglv="5" exhaustion="2000" groupcooldown="2000" blocktype="solid" script="attack/firebomb.lua"/>
	<rune group="healing" spellid="16" name="Great Fireball" id="2304" allowfaruse="1" charges="2" lvl="0" maglv="4" exhaustion="2000" groupcooldown="2000" blocktype="solid" script="attack/great fireball.lua"/>
	<rune group="healing" spellid="8" name="Heavy Magic Missile" id="2311" allowfaruse="1" charges="5" lvl="0" exhaustion="2000" groupcooldown="2000" maglv="4" needtarget="0" blocktype="solid" script="attack/heavy magic missile.lua"/>
	<rune group="healing" spellid="7" name="Light Magic Missile" id="2287" allowfaruse="1" charges="5" lvl="0" exhaustion="2000" groupcooldown="2000" maglv="0" needtarget="0" blocktype="solid" script="attack/light magic missile.lua"/>
	<rune group="healing" spellid="91" name="Poison Bomb" id="2286" allowfaruse="1" charges="2" lvl="0" maglv="4" exhaustion="2000" groupcooldown="2000" blocktype="solid" script="attack/poison bomb.lua"/>
	<rune group="healing" spellid="26" name="Poison Field" id="2285" allowfaruse="1" charges="3" lvl="0" maglv="0" exhaustion="2000" groupcooldown="2000" blocktype="solid" script="attack/poison field.lua"/>
	<rune group="healing" spellid="32" name="Poison Wall" id="2289" allowfaruse="1" charges="4" lvl="0" maglv="5" exhaustion="2000" groupcooldown="2000" blocktype="solid" script="attack/poison wall.lua"/>
	<rune group="healing" spellid="50" name="Soulfire" id="2308" allowfaruse="1" charges="2" lvl="0" maglv="7" exhaustion="2000" groupcooldown="2000" needtarget="0" blocktype="solid" script="attack/soulfire.lua"/>
	<rune group="healing" spellid="21" name="Sudden Death" id="2268" allowfaruse="1" charges="1" lvl="0" maglv="15" exhaustion="2000" groupcooldown="2000" needtarget="0" blocktype="solid" script="attack/sudden death.lua"/>
	<rune group="healing" spellid="86" name="Magic Wall" id="2293" allowfaruse="1" charges="3" lvl="0" maglv="9" exhaustion="2000" groupcooldown="2000" blocktype="all" script="support/magic wall rune.lua"/>
<!-- Healing Runes -->
	<rune group="healing" spellid="31" name="Antidote Rune" id="2266" allowfaruse="1" charges="1" lvl="0" maglv="0" exhaustion="1000" groupcooldown="1000" aggressive="0" needtarget="0" blocktype="solid" script="healing/antidote rune.lua"/>
	<rune group="healing" spellid="4" name="Intense Healing Rune" id="2265" allowfaruse="1" charges="1" lvl="0" maglv="1" exhaustion="1000" groupcooldown="1000" aggressive="0" needtarget="0" blocktype="solid" script="healing/intense healing rune.lua"/>
	<rune group="healing" spellid="5" name="Ultimate Healing Rune" id="2273" allowfaruse="1" charges="1" lvl="0" maglv="4" exhaustion="1000" groupcooldown="1000" aggressive="0" needtarget="0" blocktype="solid" script="healing/ultimate healing rune.lua"/>
<!-- Summon Runes -->
	<rune group="healing" spellid="83" name="Animate Dead" id="2316" allowfaruse="1" charges="1" lvl="0" maglv="4" exhaustion="2000" groupcooldown="2000" blocktype="solid" script="support/animate dead rune.lua"/>
	<rune group="healing" spellid="12" name="Convince Creature" id="2290" allowfaruse="1" charges="1" lvl="0" maglv="5" exhaustion="2000" groupcooldown="2000" needtarget="1" blocktype="solid" function="convince"/>
<!-- Support Runes -->
	<rune group="healing" spellid="14" name="Chameleon" id="2291" allowfaruse="1" charges="1" lvl="0" maglv="4" exhaustion="1000" groupcooldown="1000" aggressive="0" selftarget="1" blocktype="solid" function="chameleon"/>
	<rune group="healing" spellid="78" name="Desintegrate" id="2310" allowfaruse="0" charges="3" lvl="0" maglv="4" exhaustion="1000" groupcooldown="1000" aggressive="0" range="1" script="support/desintegrate rune.lua"/>
	<rune group="healing" spellid="30" name="Destroy Field" id="2261" allowfaruse="1" charges="3" lvl="0" maglv="3" exhaustion="1000" groupcooldown="1000" aggressive="0" range="5" script="support/destroy field rune.lua"/>
	<rune group="healing" spellid="54" name="Paralyze" id="2278" allowfaruse="1" charges="1" lvl="0" maglv="18" exhaustion="2000" groupcooldown="2000" mana="900" needtarget="1" blocktype="solid" script="support/paralyze rune.lua"/>
<!-- END Rune Spells -->
	
<!-- Instant Spells -->
<!-- Attack Spells -->
	<instant group="healing" spellid="80" name="Berserk" words="exori" maglv="5" manapercent="55" prem="0" exhaustion="2000" groupcooldown="2000" needlearn="0" script="attack/berserk.lua">
		<vocation name="Knight"/>
		<vocation name="Elite Knight"/>
	</instant>
	<instant group="healing" spellid="22" name="Energy Beam" words="exevo vis lux" maglv="10" mana="100" direction="1" exhaustion="2000" groupcooldown="2000" needlearn="0" script="attack/energy beam.lua">
		<vocation name="Sorcerer"/>
		<vocation name="Master Sorcerer"/>
	</instant>
	<instant group="healing" spellid="88" name="Energy Strike" words="exori vis" maglv="3" mana="20" prem="0" direction="1" blockwalls="1" exhaustion="2000" groupcooldown="2000" needlearn="0" script="attack/energy strike.lua">
		<vocation name="Sorcerer"/>
		<vocation name="Druid"/>
		<vocation name="Master Sorcerer"/>
		<vocation name="Elder Druid"/>
	</instant>
	<instant group="healing" spellid="13" name="Energy Wave" words="exevo mort hur" maglv="20" mana="250" direction="1" exhaustion="2000" groupcooldown="2000" needlearn="0" script="attack/energy wave.lua">
		<vocation name="Sorcerer"/>
		<vocation name="Master Sorcerer"/>
	</instant>
	<instant group="healing" spellid="19" name="Fire Wave" words="exevo flam hur" maglv="7" mana="80" direction="1" exhaustion="2000" groupcooldown="2000" needlearn="0" script="attack/fire wave.lua">
		<vocation name="Sorcerer"/>
		<vocation name="Master Sorcerer"/>
	</instant>
	<instant group="healing" spellid="89" name="Flame Strike" words="exori flam" maglv="3" mana="20" prem="0" direction="1" blockwalls="1" exhaustion="2000" groupcooldown="2000" needlearn="0" script="attack/flame strike.lua">
		<vocation name="Sorcerer"/>
		<vocation name="Druid"/>
		<vocation name="Master Sorcerer"/>
		<vocation name="Elder Druid"/>
	</instant>
	<instant group="healing" spellid="148" name="Force Strike" words="exori mort" maglv="2" mana="20" prem="0" direction="1" blockwalls="1" exhaustion="2000" groupcooldown="2000" needlearn="0" script="attack/force strike.lua">
		<vocation name="Sorcerer"/>
		<vocation name="Druid"/>
		<vocation name="Master Sorcerer"/>
		<vocation name="Elder Druid"/>
	</instant>
	<instant group="healing" spellid="23" name="Great Energy Beam" words="exevo gran vis lux" maglv="14" mana="200" direction="1" exhaustion="2000" groupcooldown="2000" needlearn="0" script="attack/great energy beam.lua">
		<vocation name="Sorcerer"/>
		<vocation name="Master Sorcerer"/>
	</instant>
	<instant group="healing" spellid="56" name="Poison Storm" words="exevo gran mas pox" maglv="28" mana="600" prem="0" selftarget="1" exhaustion="2000" groupcooldown="2000" needlearn="0" script="attack/poison storm.lua">
		<vocation name="Druid"/>
		<vocation name="Elder Druid"/>
	</instant>
	<instant group="healing" spellid="24" name="Ultimate Explosion" words="exevo gran mas vis" maglv="40" mana="800" selftarget="1" prem="0" exhaustion="2000" groupcooldown="2000" needlearn="0" script="attack/ultimate explosion.lua">
		<vocation name="Sorcerer"/>
		<vocation name="Master Sorcerer"/>
	</instant>
<!-- Healing Spells -->
	<instant group="healing" spellid="29" name="Antidote" words="exana pox" maglv="2" mana="30" aggressive="0" selftarget="1" exhaustion="1000" groupcooldown="1000" needlearn="0" script="healing/antidote.lua">
		<vocation name="Sorcerer"/>
		<vocation name="Druid"/>
		<vocation name="Paladin"/>
		<vocation name="Knight"/>
		<vocation name="Master Sorcerer"/>
		<vocation name="Elder Druid"/>
		<vocation name="Royal Paladin"/>
		<vocation name="Elite Knight"/>
	</instant>
	<instant group="healing" spellid="84" name="Heal Friend" words="exura sio" maglv="7" mana="70" prem="0" aggressive="0" blockwalls="1" needtarget="1" playernameparam="1" params="1" exhaustion="1000" groupcooldown="1000" needlearn="0" script="healing/heal friend.lua">
		<vocation name="Druid"/>
		<vocation name="Elder Druid"/>
	</instant>
	<instant group="healing" spellid="2" name="Intense Healing" words="exura gran" maglv="2" mana="40" aggressive="0" selftarget="1" exhaustion="1000" groupcooldown="1000" needlearn="0" script="healing/intense healing.lua">
		<vocation name="Sorcerer"/>
		<vocation name="Druid"/>
		<vocation name="Paladin"/>
		<vocation name="Master Sorcerer"/>
		<vocation name="Elder Druid"/>
		<vocation name="Royal Paladin"/>
	</instant>
	<instant group="healing" spellid="1" name="Light Healing" words="exura" maglv="1" mana="25" aggressive="0" selftarget="1" exhaustion="1000" groupcooldown="1000" needlearn="0" script="healing/light healing.lua">
		<vocation name="Sorcerer"/>
		<vocation name="Druid"/>
		<vocation name="Paladin"/>
		<vocation name="Knight"/>
		<vocation name="Master Sorcerer"/>
		<vocation name="Elder Druid"/>
		<vocation name="Royal Paladin"/>
		<vocation name="Elite Knight"/>
	</instant>
	<instant group="healing" spellid="82" name="Mass Healing" words="exura gran mas res" maglv="19" mana="150" prem="0" aggressive="0" exhaustion="1000" groupcooldown="1000" needlearn="0" script="healing/mass healing.lua">
		<vocation name="Druid"/>
		<vocation name="Elder Druid"/>
	</instant>
	<instant group="healing" spellid="3" name="Ultimate Healing" words="exura vita" maglv="8" mana="80" aggressive="0" selftarget="1" exhaustion="1000" groupcooldown="1000" needlearn="0" script="healing/ultimate healing.lua">
		<vocation name="Sorcerer"/>
		<vocation name="Druid"/>
		<vocation name="Paladin"/>
		<vocation name="Master Sorcerer"/>
		<vocation name="Elder Druid"/>
		<vocation name="Royal Paladin"/>
	</instant>
<!-- Summon Spells -->
	<instant group="healing" spellid="9" name="Summon Creature" words="utevo res" maglv="16" params="1" exhaustion="2000" groupcooldown="2000" needlearn="0" function="summonMonster">
		<vocation name="Sorcerer"/>
		<vocation name="Druid"/>
		<vocation name="Master Sorcerer"/>
		<vocation name="Elder Druid"/>
	</instant>
	<instant group="healing" spellid="118" name="Undead Legion" words="exana mas mort" maglv="15" mana="500" exhaustion="2000" groupcooldown="2000" needlearn="0" script="support/undead legion.lua">
		<vocation name="Druid"/>
		<vocation name="Elder Druid"/>
	</instant>
<!-- Support Spells -->
	<instant group="healing" spellid="90" name="Cancel Invisibility" words="exana ina" maglv="12" mana="200" prem="0" aggressive="0" selftarget="1" exhaustion="1000" groupcooldown="1000" needlearn="0" script="support/cancel invisibility.lua">
		<vocation name="Sorcerer"/>
		<vocation name="Master Sorcerer"/>
	</instant>
	<instant group="healing" spellid="93" name="Challenge" words="exeta res" maglv="4" mana="30" prem="0" aggressive="0" exhaustion="1000" groupcooldown="1000" needlearn="0" script="support/challenge.lua">
		<vocation name="Elite Knight"/>
	</instant>
	<instant group="healing" spellid="38" name="Creature Illusion" words="utevo res ina" maglv="10" mana="100" aggressive="0" params="1" exhaustion="1000" groupcooldown="1000" needlearn="0" function="Illusion">
		<vocation name="Sorcerer"/>
		<vocation name="Druid"/>
		<vocation name="Master Sorcerer"/>
		<vocation name="Elder Druid"/>
	</instant>
	<instant group="healing" spellid="20" name="Find Person" words="exiva" maglv="0" mana="20" aggressive="0" playernameparam="1" params="1" exhaustion="1000" groupcooldown="1000" needlearn="0" function="searchPlayer">
		<vocation name="Sorcerer"/>
		<vocation name="Druid"/>
		<vocation name="Paladin"/>
		<vocation name="Knight"/>
		<vocation name="Master Sorcerer"/>
		<vocation name="Elder Druid"/>
		<vocation name="Royal Paladin"/>
		<vocation name="Elite Knight"/>
	</instant>
	<instant group="healing" spellid="11" name="Great Light" words="utevo gran lux" maglv="3" mana="60" aggressive="0" selftarget="1" exhaustion="1000" groupcooldown="1000" needlearn="0" script="support/great light.lua">
		<vocation name="Sorcerer"/>
		<vocation name="Druid"/>
		<vocation name="Paladin"/>
		<vocation name="Knight"/>
		<vocation name="Master Sorcerer"/>
		<vocation name="Elder Druid"/>
		<vocation name="Royal Paladin"/>
		<vocation name="Elite Knight"/>
	</instant>
	<instant group="healing" spellid="6" name="Haste" words="utani hur" maglv="4" mana="60" prem="0" aggressive="0" selftarget="1" exhaustion="1000" groupcooldown="1000" needlearn="0" script="support/haste.lua">
		<vocation name="Sorcerer"/>
		<vocation name="Druid"/>
		<vocation name="Paladin"/>
		<vocation name="Knight"/>
		<vocation name="Master Sorcerer"/>
		<vocation name="Elder Druid"/>
		<vocation name="Royal Paladin"/>
		<vocation name="Elite Knight"/>
	</instant>
	<instant group="healing" spellid="45" name="Invisibility" words="utana vid" maglv="15" mana="210" aggressive="0" selftarget="1" exhaustion="1000" groupcooldown="1000" needlearn="0" script="support/invisible.lua">
		<vocation name="Sorcerer"/>
		<vocation name="Druid"/>
		<vocation name="Paladin"/>
		<vocation name="Master Sorcerer"/>
		<vocation name="Elder Druid"/>
		<vocation name="Royal Paladin"/>
	</instant>
	<instant group="healing" spellid="81" name="Levitate" words="exani hur" maglv="3" mana="50" prem="0" aggressive="0" exhaustion="1000" groupcooldown="1000" params="1" needlearn="0" function="Levitate">
		<vocation name="Sorcerer"/>
		<vocation name="Druid"/>
		<vocation name="Paladin"/>
		<vocation name="Knight"/>
		<vocation name="Master Sorcerer"/>
		<vocation name="Elder Druid"/>
		<vocation name="Royal Paladin"/>
		<vocation name="Elite Knight"/>
	</instant>
	<instant group="healing" spellid="10" name="Light" words="utevo lux" maglv="0" mana="20" aggressive="0" selftarget="1" exhaustion="1000" groupcooldown="1000" needlearn="0" script="support/light.lua">
		<vocation name="Sorcerer"/>
		<vocation name="Druid"/>
		<vocation name="Paladin"/>
		<vocation name="Knight"/>
		<vocation name="Master Sorcerer"/>
		<vocation name="Elder Druid"/>
		<vocation name="Royal Paladin"/>
		<vocation name="Elite Knight"/>
	</instant>
	<instant group="healing" spellid="76" name="Magic Rope" words="exani tera" maglv="1" mana="20" prem="0" aggressive="0" selftarget="1" exhaustion="1000" groupcooldown="1000" needlearn="0" script="support/magic rope.lua">
		<vocation name="Sorcerer"/>
		<vocation name="Druid"/>
		<vocation name="Paladin"/>
		<vocation name="Knight"/>
		<vocation name="Master Sorcerer"/>
		<vocation name="Elder Druid"/>
		<vocation name="Royal Paladin"/>
		<vocation name="Elite Knight"/>
	</instant>
	<instant group="healing" spellid="44" name="Magic Shield" words="utamo vita" maglv="4" mana="50" aggressive="0" selftarget="1" exhaustion="1000" groupcooldown="1000" needlearn="0" script="support/magic shield.lua">
		<vocation name="Sorcerer"/>
		<vocation name="Druid"/>
		<vocation name="Paladin"/>
		<vocation name="Master Sorcerer"/>
		<vocation name="Elder Druid"/>
		<vocation name="Elite Knight"/>
	</instant>
	<instant group="healing" spellid="39" name="Strong Haste" words="utani gran hur" maglv="8" mana="100" prem="0" aggressive="0" selftarget="1" exhaustion="1000" groupcooldown="1000" needlearn="0" script="support/strong haste.lua">
		<vocation name="Sorcerer"/>
		<vocation name="Druid"/>
		<vocation name="Master Sorcerer"/>
		<vocation name="Elder Druid"/>
	</instant>
	<instant group="healing" spellid="75" name="Ultimate Light" words="utevo vis lux" maglv="12" mana="140" prem="0" aggressive="0" selftarget="1" exhaustion="1000" groupcooldown="1000" needlearn="0" script="support/ultimate light.lua">
		<vocation name="Sorcerer"/>
		<vocation name="Druid"/>
		<vocation name="Master Sorcerer"/>
		<vocation name="Elder Druid"/>
	</instant>
	<instant group="healing" spellid="94" name="Wild Growth" words="exevo grav vita" maglv="13" mana="220" prem="0" direction="1" blocktype="all" needlearn="0"  script="support/wild growth.lua">
		<vocation name="Elder Druid"/>
	</instant>
<!-- Conjure Spells -->
	<instant group="healing" spellid="42" name="Food" words="exevo pan" maglv="0" mana="30" soul="0" exhaustion="1000" groupcooldown="1000" aggressive="0" needlearn="0" script="support/food.lua">
		<vocation name="Druid"/>
		<vocation name="Paladin"/>
		<vocation name="Elder Druid"/>
		<vocation name="Royal Paladin"/>
	</instant>
	<conjure group="healing" spellid="92" name="Enchant Staff" words="exeta vis" maglv="22" mana="80" prem="0" conjureId="2433" reagentId="2401" exhaustion="1000" groupcooldown="1000" needlearn="0" function="conjureItem">
		<vocation name="Master Sorcerer"/>
	</conjure>
	<conjure group="healing" spellid="51" name="Conjure Arrow" words="exevo con" maglv="2" mana="40" soul="0" conjureId="2544" conjureCount="30" exhaustion="1000" groupcooldown="1000" needlearn="0" function="conjureItem">
		<vocation name="Paladin"/>
		<vocation name="Royal Paladin"/>
	</conjure>
	<conjure group="healing" spellid="79" name="Conjure Bolt" words="exevo con mort" maglv="6" mana="70" soul="0" prem="0" conjureId="2543" conjureCount="20" exhaustion="1000" groupcooldown="1000" needlearn="0" function="conjureItem">
		<vocation name="Paladin"/>
		<vocation name="Royal Paladin"/>
	</conjure>
	<conjure group="healing" spellid="49" name="Explosive Arrow" words="exevo con flam" maglv="10" mana="120" soul="0" conjureId="2546" conjureCount="10" exhaustion="1000" groupcooldown="1000" needlearn="0" function="conjureItem">
		<vocation name="Paladin"/>
		<vocation name="Royal Paladin"/>
	</conjure>
	<conjure group="healing" spellid="48" name="Poisoned Arrow" words="exevo con pox" maglv="5" mana="70" soul="0" conjureId="2545" conjureCount="20" exhaustion="1000" groupcooldown="1000" needlearn="0" function="conjureItem">
		<vocation name="Paladin"/>
		<vocation name="Royal Paladin"/>
	</conjure>
	<conjure group="healing" spellid="95" name="Power Bolt" words="exevo con vis" maglv="14" mana="200" soul="0" prem="0" conjureId="2547" conjureCount="2" exhaustion="1000" groupcooldown="1000" needlearn="0" function="conjureItem">
		<vocation name="Royal Paladin"/>
	</conjure>
<!-- END Instant Spells -->

<!-- Conjure Rune Spells -->
	<conjure name="Energy Field" words="adevo grav vis" maglv="5" mana="80" soul="0" reagentId="2260" conjureId="2277" conjureCount="6" exhaustion="1000" groupcooldown="1000" needlearn="0" function="conjureRune">
		<vocation name="Sorcerer"/>
		<vocation name="Druid"/>
		<vocation name="Master Sorcerer"/>
		<vocation name="Elder Druid"/>
	</conjure>
	<conjure name="Energy Wall" words="adevo mas grav vis" maglv="18" mana="250" soul="0" reagentId="2260" conjureId="2279" conjureCount="8" exhaustion="1000" groupcooldown="1000" needlearn="0" function="conjureRune">
		<vocation name="Sorcerer"/>
		<vocation name="Druid"/>
		<vocation name="Master Sorcerer"/>
		<vocation name="Elder Druid"/>
	</conjure>
	<conjure name="Energybomb" words="adevo mas vis" maglv="18" mana="220" soul="0" prem="0" reagentId="2260" conjureId="2262" conjureCount="4" exhaustion="1000" groupcooldown="1000" needlearn="0" function="conjureRune">
		<vocation name="Sorcerer"/>
		<vocation name="Master Sorcerer"/>
	</conjure>
	<conjure name="Envenom" words="adevo res pox" maglv="7" mana="100" soul="0" reagentId="2260" conjureId="2292" conjureCount="2" exhaustion="1000" groupcooldown="1000" needlearn="0" function="conjureRune">
		<vocation name="Druid"/>
		<vocation name="Elder Druid"/>
	</conjure>
	<conjure name="Explosion" words="adevo mas hur" maglv="12" mana="180" soul="0" reagentId="2260" conjureId="2313" conjureCount="6" exhaustion="1000" groupcooldown="1000" needlearn="0" function="conjureRune">
		<vocation name="Sorcerer"/>
		<vocation name="Druid"/>
		<vocation name="Master Sorcerer"/>
		<vocation name="Elder Druid"/>
	</conjure>
	<conjure name="Fire Field" words="adevo grav flam" maglv="3" mana="60" soul="0" reagentId="2260" conjureId="2301" conjureCount="6" exhaustion="1000" groupcooldown="1000" needlearn="0" function="conjureRune">
		<vocation name="Sorcerer"/>
		<vocation name="Druid"/>
		<vocation name="Master Sorcerer"/>
		<vocation name="Elder Druid"/>
	</conjure>
	<conjure name="Fire Wall" words="adevo mas grav flam" maglv="13" mana="200" soul="0" reagentId="2260" conjureId="2303" conjureCount="8" exhaustion="1000" groupcooldown="1000" needlearn="0" function="conjureRune">
		<vocation name="Sorcerer"/>
		<vocation name="Druid"/>
		<vocation name="Master Sorcerer"/>
		<vocation name="Elder Druid"/>
	</conjure>
	<conjure name="Fireball" words="adori flam" maglv="5" mana="60" soul="0" prem="0" reagentId="2260" conjureId="2302" conjureCount="6" exhaustion="1000" groupcooldown="1000" needlearn="0" function="conjureRune">
		<vocation name="Sorcerer"/>
		<vocation name="Druid"/>
		<vocation name="Paladin"/>
		<vocation name="Master Sorcerer"/>
		<vocation name="Elder Druid"/>
		<vocation name="Royal Paladin"/>
	</conjure>
	<conjure name="Firebomb" words="adevo mas flam" maglv="9" mana="150" soul="0" reagentId="2260" conjureId="2305" conjureCount="4" exhaustion="1000" groupcooldown="1000" needlearn="0" function="conjureRune">
		<vocation name="Sorcerer"/>
		<vocation name="Druid"/>
		<vocation name="Master Sorcerer"/>
		<vocation name="Elder Druid"/>
	</conjure>
	<conjure name="Great Fireball" words="adori gran flam" maglv="9" mana="120" soul="0" reagentId="2260" conjureId="2304" conjureCount="4" exhaustion="1000" groupcooldown="1000" needlearn="0" function="conjureRune">
		<vocation name="Sorcerer"/>
		<vocation name="Master Sorcerer"/>
		<vocation name="Druid"/>
		<vocation name="Elder Druid"/>
	</conjure>
	<conjure name="Heavy Magic Missile" words="adori gran" maglv="3" mana="70" soul="0" reagentId="2260" conjureId="2311" conjureCount="10" exhaustion="1000" groupcooldown="1000" needlearn="0" function="conjureRune">
		<vocation name="Sorcerer"/>
		<vocation name="Druid"/>
		<vocation name="Paladin"/>
		<vocation name="Master Sorcerer"/>
		<vocation name="Elder Druid"/>
		<vocation name="Royal Paladin"/>
	</conjure>
	<conjure name="Light Magic Missile" words="adori" maglv="1" mana="40" soul="0" reagentId="2260" conjureId="2287" conjureCount="10" exhaustion="1000" groupcooldown="1000" needlearn="0" function="conjureRune">
		<vocation name="Sorcerer"/>
		<vocation name="Druid"/>
		<vocation name="Paladin"/>
		<vocation name="Master Sorcerer"/>
		<vocation name="Elder Druid"/>
		<vocation name="Royal Paladin"/>
	</conjure>
	<conjure name="Poison Bomb" words="adevo mas pox" maglv="8" mana="130" soul="0" prem="0" reagentId="2260" conjureId="2286" conjureCount="4" exhaustion="1000" groupcooldown="1000" needlearn="0" function="conjureRune">
		<vocation name="Druid"/>
		<vocation name="Elder Druid"/>
	</conjure>
	<conjure name="Poison Field" words="adevo grav pox" maglv="2" mana="50" soul="0" reagentId="2260" conjureId="2285" conjureCount="6" exhaustion="1000" groupcooldown="1000" needlearn="0" function="conjureRune">
		<vocation name="Sorcerer"/>
		<vocation name="Druid"/>
		<vocation name="Master Sorcerer"/>
		<vocation name="Elder Druid"/>
	</conjure>
	<conjure name="Poison Wall" words="adevo mas grav pox" maglv="11" mana="160" soul="0" reagentId="2260" conjureId="2289" conjureCount="8" exhaustion="1000" groupcooldown="1000" needlearn="0" function="conjureRune">
		<vocation name="Sorcerer"/>
		<vocation name="Druid"/>
		<vocation name="Master Sorcerer"/>
		<vocation name="Elder Druid"/>
	</conjure>
	<conjure name="Soulfire" words="adevo res flam" maglv="13" mana="150" soul="0" prem="0" reagentId="2260" conjureId="2308" conjureCount="4" exhaustion="1000" groupcooldown="1000" needlearn="0" function="conjureRune">
		<vocation name="Sorcerer"/>
		<vocation name="Druid"/>
		<vocation name="Master Sorcerer"/>
		<vocation name="Elder Druid"/>
	</conjure>
	<conjure name="Sudden Death" words="adori vita vis" maglv="25" mana="220" soul="0" reagentId="2260" conjureId="2268" conjureCount="2" exhaustion="1000" groupcooldown="1000" needlearn="0" function="conjureRune">
		<vocation name="Sorcerer"/>
		<vocation name="Master Sorcerer"/>
	</conjure>
	<conjure name="Antidote Rune" words="adana pox" maglv="5" mana="50" soul="0" reagentId="2260" conjureId="2266" conjureCount="2" exhaustion="1000" groupcooldown="1000" needlearn="0" function="conjureRune">
		<vocation name="Druid"/>
		<vocation name="Elder Druid"/>
	</conjure>
	<conjure name="Intense Healing Rune" words="adura gran" maglv="4" mana="60" soul="0" reagentId="2260" conjureId="2265" conjureCount="2" exhaustion="1000" groupcooldown="1000" needlearn="0" function="conjureRune">
		<vocation name="Druid"/>
		<vocation name="Elder Druid"/>
	</conjure>
	<conjure name="Ultimate Healing Rune" words="adura vita" maglv="11" mana="100" soul="0" reagentId="2260" conjureId="2273" conjureCount="2" exhaustion="1000" groupcooldown="1000" needlearn="0" function="conjureRune">
		<vocation name="Druid"/>
		<vocation name="Elder Druid"/>
	</conjure>
	<conjure name="Animate Dead" words="adana mort" maglv="7" mana="300" soul="0" prem="0" reagentId="2260" conjureId="2316" conjureCount="4" exhaustion="1000" groupcooldown="1000" needlearn="0" function="conjureRune">
		<vocation name="Sorcerer"/>
		<vocation name="Druid"/>
		<vocation name="Master Sorcerer"/>
		<vocation name="Elder Druid"/>
	</conjure>
	<conjure name="Convince Creature" words="adeta sio" maglv="10" mana="100" soul="0" reagentId="2260" conjureId="2290" conjureCount="2" exhaustion="1000" groupcooldown="1000" needlearn="0" function="conjureRune">
		<vocation name="Druid"/>
		<vocation name="Elder Druid"/>
	</conjure>
	<conjure name="Chameleon" words="adevo ina" maglv="11" mana="150" soul="0" reagentId="2260" conjureId="2291" conjureCount="2" exhaustion="1000" groupcooldown="1000" needlearn="0" function="conjureRune">
		<vocation name="Druid"/>
		<vocation name="Elder Druid"/>
	</conjure>
	<conjure name="Desintegrate" words="adito tera" maglv="8" mana="100" soul="0" prem="0" reagentId="2260" conjureId="2310" conjureCount="6" exhaustion="1000" groupcooldown="1000" needlearn="0" function="conjureRune">
		<vocation name="Sorcerer"/>
		<vocation name="Druid"/>
		<vocation name="Paladin"/>
		<vocation name="Master Sorcerer"/>
		<vocation name="Elder Druid"/>
		<vocation name="Royal Paladin"/>
	</conjure>
	<conjure name="Destroy Field" words="adito grav" maglv="6" mana="60" soul="0" reagentId="2260" conjureId="2261" conjureCount="6" exhaustion="1000" groupcooldown="1000" needlearn="0" function="conjureRune">
		<vocation name="Sorcerer"/>
		<vocation name="Druid"/>
		<vocation name="Paladin"/>
		<vocation name="Master Sorcerer"/>
		<vocation name="Elder Druid"/>
		<vocation name="Royal Paladin"/>
	</conjure>
	<conjure name="Magic Wall" words="adevo grav tera" maglv="14" mana="250" soul="0" prem="0" reagentId="2260" conjureId="2293" conjureCount="8" exhaustion="1000" groupcooldown="1000" needlearn="0" function="conjureRune">
		<vocation name="Sorcerer"/>
		<vocation name="Master Sorcerer"/>
	</conjure>
	<conjure name="Paralyze" words="adana ani" maglv="35" mana="900" soul="0" prem="0" reagentId="2260" conjureId="2278" conjureCount="2" exhaustion="1000" groupcooldown="1000" needlearn="0" function="conjureRune">
		<vocation name="Druid"/>
		<vocation name="Elder Druid"/>
	</conjure>
<!-- END Conjure Rune Spells -->

<!-- House Spells -->
	<instant spellid="71" name="House Guest List" words="aleta sio" selftarget="1" aggressive="0" function="editHouseGuest"/>
	<instant spellid="72" name="House Subowner List" words="aleta som" selftarget="1" aggressive="0" function="editHouseSubOwner"/>
	<instant spellid="73" name="House Door List" words="aleta grav" selftarget="1" aggressive="0" function="editHouseDoor"/>
	<instant spellid="74" name="House Kick" words="alana sio" params="1" aggressive="0" function="houseKick"/>
<!-- END House Spells -->
	
<!-- Monster Spells -->
	<instant name="djinn electrify area"  words="###1"  aggressive="1" blockwalls="1" needtarget="1" needlearn="1" script="monster/djinn electrify area.lua"/> 
	<instant name="djinn electrify"  words="###2"  aggressive="1" blockwalls="1" needtarget="1" needlearn="1" script="monster/djinn electrify.lua"/>
	<instant name="haste_ancientscarab"  words="###3"  aggressive="0" blockwalls="1" needtarget="1" needlearn="1" script="monster/haste_ancientscarab.lua"/>
	<instant name="haste_assassin"  words="###4"  aggressive="0" blockwalls="1" needtarget="1" needlearn="1" script="monster/haste_assassin.lua"/>
	<instant name="haste_behemoth"  words="###5"  aggressive="0" blockwalls="1" needtarget="1" needlearn="1" script="monster/haste_behemoth.lua"/>
	<instant name="haste_darkmonk"  words="###6"  aggressive="0" blockwalls="1" needtarget="1" needlearn="1" script="monster/haste_darkmonk.lua"/>
	<instant name="haste_dworcvoodoomaster"  words="###7"  aggressive="0" blockwalls="1" needtarget="1" needlearn="1" script="monster/haste_dworcvoodoomaster.lua"/>
	<instant name="haste_gazer"  words="###8"  aggressive="0" blockwalls="1" needtarget="1" needlearn="1" script="monster/haste_gazer.lua"/>
	<instant name="haste_giantspider"  words="###9"  aggressive="0" blockwalls="1" needtarget="1" needlearn="1" script="monster/haste_giantspider.lua"/>
	<instant name="haste_kongra"  words="###10"  aggressive="0" blockwalls="1" needtarget="1" needlearn="1" script="monster/haste_kongra.lua"/>
	<instant name="haste_monk"  words="###11"  aggressive="0" blockwalls="1" needtarget="1" needlearn="1" script="monster/haste_monk.lua"/>
	<instant name="haste_orcberserker"  words="###12"  aggressive="0" blockwalls="1" needtarget="1" needlearn="1" script="monster/haste_orcberserker.lua"/>
	<instant name="haste_orcrider"  words="###13"  aggressive="0" blockwalls="1" needtarget="1" needlearn="1" script="monster/haste_orcrider.lua"/>
	<instant name="haste_scarab"  words="###14"  aggressive="0" blockwalls="1" needtarget="1" needlearn="1" script="monster/haste_scarab.lua"/>
	<instant name="haste_serpentspawn"  words="###15"  aggressive="0" blockwalls="1" needtarget="1" needlearn="1" script="monster/haste_serpentspawn.lua"/>
	<instant name="haste_sibang"  words="###16"  aggressive="0" blockwalls="1" needtarget="1" needlearn="1" script="monster/haste_sibang.lua"/>
	<instant name="haste_tarantula"  words="###17"  aggressive="0" blockwalls="1" needtarget="1" needlearn="1" script="monster/haste_tarantula.lua"/>
	<instant name="haste_tiger"  words="###18"  aggressive="0" blockwalls="1" needtarget="1" needlearn="1" script="monster/haste_tiger.lua"/>
	<instant name="haste_wildwarrior"  words="###19"  aggressive="0" blockwalls="1" needtarget="1" needlearn="1" script="monster/haste_wildwarrior.lua"/>
	<instant name="paralyze_ancientscarab"  words="###20"  aggressive="1" blockwalls="1" needtarget="1" needlearn="1" script="monster/paralyze_ancientscarab.lua"/>
	<instant name="paralyze_ancientscarab2"  words="###21"  aggressive="1" blockwalls="1" needtarget="0" needlearn="1" script="monster/paralyze_ancientscarab2.lua"/>
	<instant name="paralyze_banshee"  words="###22"  aggressive="1" blockwalls="1" needtarget="1" needlearn="1" script="monster/paralyze_banshee.lua"/>
	<instant name="paralyze_carniphila"  words="###23"  aggressive="1" blockwalls="1" needtarget="1" needlearn="1" script="monster/paralyze_carniphila.lua"/>
	<instant name="paralyze_dworcvoodoomaster"  words="###24"  aggressive="1" blockwalls="1" needtarget="1" needlearn="1" script="monster/paralyze_dworcvoodoomaster.lua"/>
	<instant name="paralyze_efreet"  words="###25"  aggressive="1" blockwalls="1" needtarget="1" needlearn="1" script="monster/paralyze_efreet.lua"/>
	<instant name="paralyze_elderbeholder"  words="###26"  aggressive="1" blockwalls="1" needtarget="1" needlearn="1" script="monster/paralyze_elderbeholder.lua"/>
	<instant name="paralyze_hydra"  words="###27"  aggressive="1" blockwalls="1" needtarget="1" needlearn="1" script="monster/paralyze_hydra.lua"/>
	<instant name="paralyze_lich"  words="###28"  aggressive="1" blockwalls="1" needtarget="1" needlearn="1" script="monster/paralyze_lich.lua"/>
	<instant name="paralyze_marid"  words="###29"  aggressive="1" blockwalls="1" needtarget="1" needlearn="1" script="monster/paralyze_marid.lua"/>
	<instant name="paralyze_mummy"  words="###30"  aggressive="1" blockwalls="1" needtarget="1" needlearn="1" script="monster/paralyze_mummy.lua"/>
	<instant name="paralyze_serpentspawn"  words="###31"  aggressive="1" blockwalls="1" needtarget="1" needlearn="1" script="monster/paralyze_serpentspawn.lua"/>
	<instant name="paralyze_vampire"  words="###32"  aggressive="1" blockwalls="1" needtarget="1" needlearn="1" script="monster/paralyze_vampire.lua"/>
	<instant name="paralyze_warlock"  words="###33"  aggressive="1" blockwalls="1" needtarget="1" needlearn="1" script="monster/paralyze_warlock.lua"/>
<!-- END Monster Spells -->
	
</spells>
