<?xml version="1.0" encoding="UTF-8"?>
<monster name="Ashmunrah" nameDescription="ashmunrah" race="UNDEAD" experience="5000" speed="320" manacost="0">
  <health now="3100" max="3100"/>
  <look type="87" corpse="3016"/>
  <targetchange interval="5000" chance="8"/>
  <strategy attack="100" defense="0"/>
  <flags>
    <flag summonable="0"/>
    <flag attackable="1"/>
    <flag hostile="1"/>
    <flag illusionable="0"/>
    <flag convinceable="0"/>
    <flag pushable="0"/>
    <flag canpushitems="1"/>
    <flag canpushcreatures="1"/>
    <flag targetdistance="1"/>
    <flag staticattack="90"/>
    <flag runonhealth="0"/>
  </flags>
  <attacks>
    <attack name="melee" interval="2000" min="-0" max="-600" poison="55"/>

    <attack name="lifedrain" interval="3000" chance="7" range="1" min="-100" max="-700"/>

    <attack name="poison" interval="2000" chance="12" range="7" min="-100" max="-500">
      <attribute key="shootEffect" value="poison"/>
      <attribute key="areaEffect" value="poison"/>
    </attack>

    <attack name="physical" interval="3000" chance="12" range="7" min="-120" max="-750">
      <attribute key="shootEffect" value="energy"/>
      <attribute key="areaEffect" value="mortarea"/>
    </attack>
    <attack name="speed" interval="3000" chance="25" range="7" speedchange="-650" duration="50000">
      <attribute key="areaEffect" value="redshimmer"/>
    </attack>
    <attack name="lifedrain" interval="2000" chance="18" length="8" spread="3" min="-50" max="-550">
      <attribute key="areaEffect" value="yellowbubble"/>
    </attack>
  </attacks>
  <defenses armor="25" defense="30">
    <defense name="healing" interval="1000" chance="20" min="200" max="400">
      <attribute key="areaEffect" value="blueshimmer"/>
    </defense>
    <defense name="invisible" interval="1000" chance="7" duration="2000">
      <attribute key="areaEffect" value="blueshimmer"/>
    </defense>
    <defense name="outfit" interval="1000" chance="3" monster="ancient scarab" duration="6000">
      <attribute key="areaEffect" value="blueshimmer"/>
    </defense>
  </defenses>
  	<elements>
	</elements>
  <immunities>
	<immunity poison="1"/>
    <immunity lifedrain="1"/>
    <immunity paralyze="1"/>
    <immunity outfit="1"/>
    <immunity drunk="1"/>
    <immunity invisible="1"/>
  </immunities>
  <summons maxSummons="4">
    <summon name="ancient scarab" interval="1000" chance="2000" max="2"/>
    <summon name="green djinn" interval="1000" chance="1000" max="2"/>
  </summons>
  <voices interval="5000" chance="10">
    <voice sentence="I might be trapped but not without power."/>
    <voice sentence="Ahhhh all those long years."/>
    <voice sentence="Ages come, ages go. Asmumrah remains."/>
    <voice sentence="My traitorous son has sent thee."/>
    <voice sentence="No mortal or undead will steal my secrets."/>
    <voice sentence="You will be history soon."/>
    <voice sentence="Come to me, my allys and underlings."/>
  </voices>
<loot>
	<item id="2148" countmax="38" chance1="90000" chancemax="0"/><!-- 1-38 90% 2148 gold -->
	<item id="2148" countmax="86" chance1="90000" chancemax="0"/><!-- 1-86 90% 2148 gold -->
	<item id="2148" countmax="90" chance1="90000" chancemax="0"/><!-- 1-90 90% 2148 gold -->
	<item id="2148" countmax="90" chance1="90000" chancemax="0"/><!-- 1-90 90% 2148 gold -->
	<item id="2134" chance="5000"/><!-- 5% 2134 silver brooch -->
	<item id="2487" chance="500"/><!-- 0,5% 2487 crown armor -->
	<item id="2140" chance="200"/><!-- 0,2% 2140 holy scarab -->
	<item id="1987" chance="100000"><!-- bag -->
		<item id="2164" chance="5000"/><!-- 5% 2164 might ring -->
		<item id="2444" chance="200"/><!-- 0,2% 2444 hammer of wrath -->
	</item>	
</loot>
</monster>
