<?xml version="1.0" encoding="UTF-8"?>
<monster name="dipthrah" nameDescription="dipthrah" race="UNDEAD" experience="2900" speed="320" manacost="0">
  <health now="4200" max="4200"/>
  <look type="87" corpse="3034"/>
  <targetchange interval="5000" chance="8"/>
  <strategy attack="100" defense="0"/>
  <flags>
    <flag summonable="0"/>
    <flag attackable="1"/>
    <flag hostile="1"/>
    <flag illusionable="0"/>
    <flag convinceable="0"/>
    <flag pushable="0"/>
    <flag canpushitems="1"/>
    <flag canpushcreatures="1"/>
    <flag targetdistance="1"/>
    <flag staticattack="90"/>
    <flag runonhealth="0"/>
  </flags>
  <attacks>
    <attack name="melee" interval="2000" min="-0" max="-800" poison="65"/>

    <attack name="lifedrain" interval="4000" chance="20" range="1" min="-100" max="-800"/>

    <attack name="manadrain" interval="2000" chance="15" range="7" min="-100" max="-500">
      <attribute key="areaEffect" value="redshimmer"/>
    </attack>

    <attack name="speed" interval="1000" chance="15" range="7" speedchange="-650" duration="50000">
      <attribute key="areaEffect" value="redshimmer"/>
    </attack>

    <attack name="drunk" interval="1000" chance="12" radius="7" target="0">
      <attribute key="areaEffect" value="bluebubble"/>
    </attack>

    <attack name="melee" interval="3000" chance="34" radius="3" target="0" min="-50" max="-600">
      <attribute key="areaEffect" value="bluebubble"/>
    </attack>

  </attacks>
  <defenses armor="25" defense="25">
    <defense name="healing" interval="1000" chance="25" min="100" max="200">
      <attribute key="areaEffect" value="blueshimmer"/>
    </defense>
  </defenses>
  	<elements>
	</elements>
  <immunities>
	<immunity poison="1"/>
	<immunity physical="1"/>
    <immunity lifedrain="1"/>
    <immunity paralyze="1"/>
    <immunity outfit="1"/>
    <immunity drunk="1"/>
    <immunity invisible="1"/>
  </immunities>
  <summons maxSummons="4">
    <summon name="priestess" interval="2000" chance="15" max="3"/>
  </summons>
  <voices interval="5000" chance="10">
    <voice sentence="Come closer to learn the final lesson."/>
    <voice sentence="I sense the weakness of your akh."/>
    <voice sentence="Mortality and fear are your fate and your doom."/>
    <voice sentence="Undeath will shatter my shackles."/>
    <voice sentence="You can't escape death forever."/>
    <voice sentence="You don't need this magic anymore."/>
    <voice sentence="Feel the powers of my mind."/>
  </voices>
<loot>
	<item id="2354" chance="100000"/><!-- 100% 2354 ornamented ankh-->
	<item id="2148" countmax="46" chance1="90000" chancemax="0"/><!-- 1-46 90% 2148 gold -->
	<item id="2148" countmax="90" chance1="90000" chancemax="0"/><!-- 1-90 90% 2148 gold -->
	<item id="2148" countmax="90" chance1="90000" chancemax="0"/><!-- 1-90 90% 2148 gold -->
	<item id="2146" countmax="3" chance1="10000" chancemax="0"/><!-- 1-3 10% 2146 small sapphire -->
	<item id="2158" chance="1000"/><!-- 1% 2158 blue gem -->
	<item id="2178" chance="1000"/><!-- 1% 2178 mind stone -->
	<item id="2193" chance="1000"/><!-- 1% 2193 ankh -->
	<item id="1987" chance="100000"><!-- bag -->
		<item id="2167" chance="5000"/><!-- 5% 2167 energy ring -->
		<item id="2436" chance="500"/><!-- 0,5% 2436 skull staff -->
		<item id="2446" chance="200"/><!-- 0,2% 2446 pharaoh sword -->
	</item>	
</loot>
</monster>
