<?xml version="1.0" encoding="UTF-8"?>
<monster name="Fernfang" nameDescription="Fernfang" race="blood" experience="600" speed="240" manacost="0">
	<health now="400" max="400"/>
	<look type="57" corpse="3058"/>
	<targetchange interval="5000" chance="8"/>
	<strategy attack="100" defense="0"/>
	<flags>
		<flag summonable="0"/>
		<flag attackable="1"/>
		<flag hostile="1"/>
		<flag illusionable="0"/>
		<flag convinceable="0"/>
		<flag pushable="0"/>
		<flag canpushitems="1"/>
		<flag canpushcreatures="1"/>
		<flag targetdistance="4"/>
		<flag staticattack="90"/>
		<flag runonhealth="0"/>
	</flags>
	<attacks>
		<attack name="melee" interval="2000" skill="50" attack="40"/>
		<attack name="manadrain" interval="1000" chance="25" range="7" min="-25" max="-45">
			<attribute key="areaEffect" value="redshimmer"/>
		</attack>
		<attack name="energy" interval="1000" chance="13" range="7" min="-70" max="-90">
			<attribute key="shootEffect" value="energy"/>
			<attribute key="areaEffect" value="energy"/>
		</attack>
		<attack name="physical" interval="1000" chance="10" range="7" min="-140" max="-180">
			<attribute key="shootEffect" value="death"/>
		</attack>
	</attacks>
	<defenses armor="15" defense="10">
		<defense name="healing" interval="1000" chance="15" min="90" max="120">
			<attribute key="areaEffect" value="blueshimmer"/>
		</defense>
		<defense name="speed" interval="1000" chance="7" speedchange="310" duration="10000">
			<attribute key="areaEffect" value="redshimmer"/>
		</defense>
		<defense name="outfit" interval="1000" chance="5" monster="war wolf" duration="14000">
			<attribute key="areaEffect" value="blueshimmer"/>
		</defense>
	</defenses>
	<immunities>
		<immunity paralyze="1"/>
		<immunity invisible="1"/>
	</immunities>
	<summons maxSummons="3">
		<summon name="War Wolf" interval="1000" chance="13" max="3"/>
	</summons>
	<voices interval="5000" chance="10">
		<voice sentence="You desecrated this place!"/>
		<voice sentence="I will cleanse this isle!"/>
		<voice sentence="Grrrrrrr"/>
		<voice sentence="Yoooohhuuuu!" yell="1"/>
	</voices>
<loot>
	<item id="2148" countmax="89" chance1="90000" chancemax="0"/><!-- 1-89 90% 2148 gold -->
	<item id="2148" countmax="86" chance1="90000" chancemax="0"/><!-- 1-86 90% 2148 gold -->
	<item id="2148" countmax="90" chance1="90000" chancemax="0"/><!-- 1-90 90% 2148 gold -->
	<item id="2148" countmax="90" chance1="95000" chancemax="0"/><!-- 1-90 90% 2148 gold -->
	<item id="2689" countmax="1" chance1="8000" chancemax="0"/><!-- 8% 2689 bread -->
	<item id="2802" chance="8000"/><!-- 8% 2802 sling herb -->
	<item id="2800" chance="85000"/><!-- 85% 2800 star herb -->
	<item id="2154" chance="23000"/><!-- 23% 2154 yellow gem -->
	<item id="2177" chance="8000"/><!-- 8% 2177 life crystal -->
	<item id="2015" chance="15000"/><!-- 15% 2015 brown flask -->
	<item id="2260" chance="8000"/><!-- 8% 2260 blank rune -->
	<item id="2044" chance="15000"/><!-- 15% 2044 lamp -->
	<item id="2193" chance="4000"/><!-- 2193 ankh -->
	<item id="2129" chance="4000"/><!-- 2129 wolf tooth chain -->
	<item id="2652" chance="8000"/><!-- 8% 2652 green tunic -->
	<item id="1987" chance="100000"><!-- bag -->
		<item id="2166" chance="40000"/><!-- 40% 2166 power ring -->
		<item id="2401" chance="16000"/><!-- 16% 2401 staff -->
	</item>
</loot>
</monster>