<?xml version="1.0" encoding="UTF-8"?>
<monster name="thalas" nameDescription="thalas" race="UNDEAD" experience="2950" speed="320" manacost="0">
  <health now="4100" max="4100"/>
  <look type="90" corpse="3016"/>
  <targetchange interval="5000" chance="8"/>
  <strategy attack="100" defense="0"/>
  <flags>
    <flag summonable="0"/>
    <flag attackable="1"/>
    <flag hostile="1"/>
    <flag illusionable="0"/>
    <flag convinceable="0"/>
    <flag pushable="0"/>
    <flag canpushitems="1"/>
    <flag canpushcreatures="1"/>
    <flag targetdistance="1"/>
    <flag staticattack="90"/>
    <flag runonhealth="0"/>
  </flags>
  <attacks>
    <attack name="melee" interval="2000" min="-10" max="-650" poison="70"/>

    <attack name="poison" interval="2000" chance="25" range="7" min="-150" max="-650">
      <attribute key="shootEffect" value="poison"/>
      <attribute key="areaEffect" value="poison"/>
    </attack>

    <attack name="melee" interval="3000" chance="20" range="7" radius="1" target="1" min="-150" max="-650">
      <attribute key="shootEffect" value="poison"/>
      <attribute key="areaEffect" value="poison"/>
    </attack>

    <attack name="speed" interval="1000" chance="6" range="7" speedchange="-800" duration="20000">
      <attribute key="areaEffect" value="redshimmer"/>
    </attack>

    <attack name="poisoncondition" interval="1000" chance="15" radius="5" target="0" min="-34" max="-35">
      <attribute key="areaEffect" value="poison"/>
    </attack>

    <attack name="poison" interval="3000" chance="17" length="8" spread="3" min="-55" max="-550">
      <attribute key="areaEffect" value="poison"/>
    </attack>

  </attacks>
  <defenses armor="20" defense="30">
    <defense name="healing" interval="1000" chance="20" min="150" max="450">
      <attribute key="areaEffect" value="blueshimmer"/>
    </defense>
  </defenses>
  	<elements>
	</elements>
  <immunities>
	<immunity poison="1"/>
    <immunity lifedrain="1"/>
    <immunity paralyze="1"/>
    <immunity outfit="1"/>
    <immunity drunk="1"/>
    <immunity invisible="1"/>
  </immunities>
  <summons maxSummons="8">
    <summon name="slime2" interval="2000" chance="3000" max="8"/>
  </summons>
  <voices interval="5000" chance="10">
    <voice sentence="You will become a feast for my maggots."/>
    <voice sentence="Death and decay!"/>
    <voice sentence="Death awaits you."/>
    <voice sentence="Your precious life will be wasted."/>
    <voice sentence="Red is my favourite color."/>
    <voice sentence="Flesssh to dussst!"/>
  </voices>
<loot>
	<item id="2351" chance="100000"/><!-- 100% 2351 cobrafang dagger -->
	<item id="2148" countmax="62" chance1="80000" chancemax="0"/><!-- 1-62 90% 2148 gold -->
	<item id="2148" countmax="81" chance1="85000" chancemax="0"/><!-- 1-90 90% 2148 gold -->
	<item id="2148" countmax="99" chance1="90000" chancemax="0"/><!-- 1-90 90% 2148 gold -->
	<item id="2149" countmax="3" chance1="10000" chancemax="0"/><!-- 1-3 10% 2149 small emerald -->
	<item id="2155" chance="500"/><!-- 0,5% 2155 green gem -->
	<item id="1987" chance="100000"><!-- bag -->
		<item id="2169" chance="5000"/><!-- 5% 2169 time ring -->
		<item id="2409" chance="4000"/><!-- 4% 2409 serpent sword -->
		<item id="2411" chance="20000"/><!-- 20% 2411 poison dagger -->
		<item id="2451" chance="2000"/><!-- 2% 2451 djinn blade -->
	</item>
</loot>
</monster>
