﻿<?xml version="1.0" encoding="UTF-8"?>
<monster name="The Evil Eye" nameDescription="the Evil Eye" race="blood" experience="1500" speed="240" manacost="0">
  <health now="1200" max="1200"/>
  <look type="210" corpse="3052"/>
  <targetchange interval="5000" chance="8"/>
  <strategy attack="100" defense="0"/>
  <flags>
    <flag summonable="0"/>
    <flag attackable="1"/>
    <flag hostile="1"/>
    <flag illusionable="0"/>
    <flag convinceable="0"/>
    <flag pushable="0"/>
    <flag canpushitems="1"/>
    <flag canpushcreatures="0"/>
    <flag targetdistance="3"/>
    <flag staticattack="90"/>
    <flag runonhealth="0"/>
  </flags>
  <attacks>
    <attack name="melee" interval="2000" skill="65" attack="24"/>
    <attack name="energy" interval="1000" chance="15" range="7" min="-60" max="-130">
      <attribute key="shootEffect" value="energy"/>
    </attack>
    <attack name="fire" interval="1000" chance="13" range="7" min="-85" max="-115">
      <attribute key="shootEffect" value="fire"/>
    </attack>
    <attack name="physical" interval="1000" chance="17" range="7" min="-135" max="-175">
      <attribute key="shootEffect" value="death"/>
      <attribute key="areaEffect" value="mortarea"/>
    </attack>
    <attack name="poison" interval="1000" chance="15" range="7" min="-40" max="-120">
      <attribute key="shootEffect" value="poison"/>
    </attack>
    <attack name="lifedrain" interval="1000" chance="12" range="7" min="-110" max="-130">
      <attribute key="areaEffect" value="redshimmer"/>
    </attack>
    <attack name="speed" interval="1000" chance="10" range="7" speedchange="-850" duration="20000">
      <attribute key="areaEffect" value="redshimmer"/>
    </attack>
    <attack name="poison" interval="1000" chance="8" length="8" spread="3" min="-35" max="-85">
      <attribute key="areaEffect" value="greenbubble"/>
    </attack>
    <attack name="lifedrain" interval="1000" chance="6" length="8" spread="3" min="-75" max="-85">
      <attribute key="areaEffect" value="redshimmer"/>
    </attack>
    <attack name="manadrain" interval="1000" chance="9" length="8" spread="3" min="-150" max="-250">
      <attribute key="areaEffect" value="bluebubble"/>
    </attack>
  </attacks>
  <defenses armor="19" defense="23">
    <defense name="healing" interval="1000" chance="9" min="1" max="219">
      <attribute key="areaEffect" value="blueshimmer"/>
    </defense>
  </defenses>
  	<elements>
	</elements>
  <immunities>
	<immunity poison="1"/>
    <immunity lifedrain="1"/>
    <immunity paralyze="1"/>
    <immunity outfit="1"/>
    <immunity drunk="1"/>
    <immunity invisible="1"/>
  </immunities>
  <summons maxSummons="6">
    <summon name="demon skeleton" interval="1000" chance="13" max="4"/>
    <summon name="ghost" interval="1000" chance="12" max="2"/>
  </summons>
  <voices interval="5000" chance="10">
    <voice sentence="653768764!"/>
    <voice sentence="Let me take a look at you!"/>
    <voice sentence="Inferior creatures, bow before my power!"/>
    <voice sentence="659978 54764!"/>
  </voices>
<loot>
	<item id="2148" countmax="100" chance1="100000" chancemax="5000"/><!-- 52-203 100% gold -->
	<item id="2148" countmax="100" chance1="70000" chancemax="5000"/><!-- gold -->
	<item id="2175" chance="16000"/><!-- 16% spellbook -->
	<item id="3972" chance="3000"/><!-- 3% 3972 beholder helmet -->
	<item id="1987" chance="100000"><!-- bag -->
		<item id="2377" chance="32000"/><!-- 32% two-handed sword -->
		<item id="2397" chance="21000"/><!-- 21% longsword -->
		<item id="2509" chance="47000"/><!-- 47% steel shield -->
		<item id="2518" chance="10000"/><!-- 10% beholder shield -->
		<item id="2394" chance="58000"/><!-- 58% morning star -->
	</item>
</loot>
</monster>
