<?xml version="1.0" encoding="UTF-8"?>
<monster name="vashresamun" nameDescription="Vashresamun" race="UNDEAD" experience="2950" speed="340" manacost="0">
  <health now="4000" max="4000"/>
  <look type="90" corpse="3016"/>
  <targetchange interval="5000" chance="8"/>
  <strategy attack="100" defense="0"/>
  <flags>
    <flag summonable="0"/>
    <flag attackable="1"/>
    <flag hostile="1"/>
    <flag illusionable="0"/>
    <flag convinceable="0"/>
    <flag pushable="0"/>
    <flag canpushitems="1"/>
    <flag canpushcreatures="1"/>
    <flag targetdistance="1"/>
    <flag staticattack="90"/>
    <flag runonhealth="0"/>
  </flags>
  <attacks>
    <attack name="melee" interval="2000" min="-80" max="-300" poison="65"/>

    <attack name="lifedrain" interval="2000" chance="30" radius="5" target="0" min="-200" max="-750">
      <attribute key="areaEffect" value="purplenote"/>
    </attack>
  </attacks>
  <defenses armor="20" defense="35">
    <defense name="healing" interval="1000" chance="20" min="60" max="450">
      <attribute key="areaEffect" value="blueshimmer"/>
    </defense>
     <defense name="speed" interval="1000" chance="12" range="7" speedchange="350" duration="30000">
      <attribute key="areaEffect" value="redshimmer"/>
    </defense>
  </defenses>
  	<elements>
	</elements>
  <immunities>
  	<immunity fire="1"/>
	<immunity poison="1"/>
    <immunity lifedrain="1"/>
    <immunity paralyze="1"/>
    <immunity outfit="1"/>
    <immunity drunk="1"/>
    <immunity invisible="1"/>
  </immunities>
  <summons maxSummons="3">
    <summon name="banshee" interval="2000" chance="20" max="3"/>
  </summons>
  <voices interval="5000" chance="10">
    <voice sentence="Heheheheee!"/>
    <voice sentence="Come my maidens, we have visitors!"/>
    <voice sentence="Are you enjoying my music?"/>
    <voice sentence="Dance a dance of death for me!"/>
    <voice sentence="If music is the food of death, drop dead."/>
    <voice sentence="Chakka Chakka!"/>
  </voices>
<loot>
	<item id="2349" chance="100000"/><!-- 100% 2349 blue note -->
	<item id="2148" countmax="42" chance1="80000" chancemax="0"/><!-- 1-42 90% 2148 gold -->
	<item id="2148" countmax="87" chance1="85000" chancemax="0"/><!-- 1-90 90% 2148 gold -->
	<item id="2148" countmax="93" chance1="90000" chancemax="0"/><!-- 1-90 90% 2148 gold -->
	<item id="2143" countmax="1" chance1="12000" chancemax="0"/><!-- 12% 2143 white pearl -->
	<item id="2072" chance="10000"/><!-- 10% 2072 lute -->
	<item id="2074" chance="500"/><!-- 0,5% 2074 panpipes -->
	<item id="2656" chance="2000"/><!-- 2% 2656 blue robe -->
	<item id="2139" chance="500"/><!-- 0,5% 2139 ancient tiara -->
	<item id="1987" chance="100000"><!-- bag -->
		<item id="2124" chance="1000"/><!-- 1% 2124 crystal ring -->
		<item id="2445" chance="2000"/><!-- 2% 2445 crystal mace -->
	</item>
</loot>
</monster>
